date,LOC_cabinet,LOC_drawer,LOC_tray,LOC_locality,LOC_unit,LOC_subunit,LOC_age,TIME_idRehouse,TIME_count,TIME_paint,TIME_catalog,TIME_labels,TIME_number,LOTS_st,LOTS_tx,LOTS_uncataloged,ID_genusChange,ID_speciesChange,ID_sp,ID_rank-up,ID_rank-down,ID_new,REHOUSE_box3x1.5,REHOUSE_box3x3,REHOUSE_box3x4,REHOUSE_box3x6,REHOUSE_box4x6,REHOUSE_box6x6,REHOUSE_plastic3x3,REHOUSE_plastic6x6,REHOUSE_vial7dr,REHOUSE_vial3dr,REHOUSE_vial1dr
2018-08-08,183,11,1 of 2,,Redding,LouElla Spms,"Turonian, Coniacian, Santonian",0.75,,0.25,0.3,0.1,0.2,0,25,0,0,0,0,0,0,0,19,2,4,0,0,0,0,0,5,1,19
2018-08-08,183,11,2 of 2,,Redding,LouElla Spms,"Turonian, Coniacian, Santonian",0.5,,0.5,0.33,0.08,0.25,0,18,0,0,0,0,0,0,0,18,0,0,0,0,0,0,0,6,3,9
2018-08-08,183,12,1 of 3,,Redding,LouElla Spms,"Turonian, Coniacian, Santonian",0.5,,0.5,0.42,0.17,0.25,5,26,0,0,0,0,0,0,0,24,2,0,0,0,0,0,0,9,14,4
2018-08-08,183,12,2 of 3,,Redding,LouElla Spms,"Turonian, Coniacian, Santonian",0.5,,0.17,0.33,0.19,0.17,0,20,0,0,0,0,0,0,0,19,0,0,1,0,0,0,0,4,3,12
2018-08-08,183,12,3 of 3,,Redding,LouElla Spms,"Turonian, Coniacian, Santonian",0.5,,0.17,0.33,0.08,0.17,12,6,0,0,0,0,0,0,0,5,1,0,0,0,0,0,0,8,1,2
2018-02-21,199,05,1 of 3,"5327, 4966, 4993",Ladd,,Turonian,0.53,,0.03,0.2,0.08,0.03,11,1,0,0,0,0,0,0,0,1,0,0,0,0,0,0,0,1,1,0
2018-02-21,199,05,2 of 3,4603,Ladd,,Turonian,0.33,,0.017,0.2,0.1,0.017,8,0,0,0,0,0,0,0,2,0,0,0,0,0,0,0,0,1,0,0
2017-09-13,199,06,1 of 3,24208,Ladd,Baker Canyon,Turonian,1.0,0.17,0.09,0.4,,0.16,23,1,2,1,4,0,0,0,0,1,2,2,1,1,0,0,0,7,4,2
2017-09-08,199,06,1 of 3,24235,Ladd,Baker Canyon,Turonian,2.75,0.25,0.28,0.6,,0.33,39,3,0,3,1,1,3,0,7,0,1,0,1,0,0,0,0,6,5,15
2017-09-13,199,06,2 of 3,24208,Ladd,Baker Canyon,Turonian,1.0,0.25,0.25,0.5,,0.25,23,1,0,1,4,0,0,0,0,1,2,2,1,1,0,0,0,7,4,2
2017-09-14,199,06,3 of 3,24208,Ladd,Baker Canyon,Turonian,1.0,0.5,0.25,0.25,,0.25,13,1,0,1,1,0,0,0,1,1,0,1,0,1,3,0,0,1,1,2
2017-09-14,199,06,3 of 3,24208,Ladd,Baker Canyon,Turonian,1.0,0.38,0.1,0.4,,0.17,13,1,2,1,1,0,0,0,1,1,0,1,0,1,3,0,0,1,1,2
2018-02-23,199,07,1 of 3,16857,Ladd,,Turonian,0.52,,0.03,0.5,0.25,0.14,26,0,1,0,0,0,0,1,5,0,0,1,0,0,0,0,0,10,1,1
2018-02-23,199,07,2 of 3,16857,Ladd,,Turonian,0.5,,0.03,0.38,0.17,0.1,27,0,0,0,0,0,0,2,8,0,1,0,0,0,1,0,0,2,2,1
2018-02-24,199,07,3 of 3,,Ladd,,Turonian,0.017,,,,,,0,0,2,0,0,0,0,0,0,0,0,0,0,0,0,0,0,0,0,0
2018-02-24,199,08,1 of 1,"24063, 24064, 24065, 24066, 24067, 24068, 16502",Ladd,,"Turonian, Campanian",0.75,,0.08,0.8,0.3,0.17,32,0,0,0,0,0,0,0,0,0,0,0,1,0,1,0,0,9,6,1
2018-02-24,199,09,1 of 3,"22951, 22953",Ladd,,Turonian,0.52,,0.03,0.35,0.25,0.27,26,0,0,0,0,0,0,0,3,1,1,0,0,0,0,0,0,9,2,1
2018-02-24,199,09,2 of 3,22950,Ladd,,Turonian,0.8,,0.03,0.6,0.2,0.1,25,3,0,0,0,0,0,1,0,3,0,2,0,0,0,0,0,11,3,5
2018-02-24,199,09,3 of 3,22950,Ladd,,Turonian,0.5,,0.017,0.56,0.2,0.017,21,0,0,0,0,0,0,0,8,0,0,0,0,0,3,0,0,1,0,2
2018-02-27,199,10,1 of 3,"1499, 2321, 2322, 2872, 1303",Ladd,,Turonian,0.543,,0.03,0.53,0.33,0.1,2,28,1,0,0,0,1,0,2,1,2,1,1,0,0,0,0,6,4,2
2018-02-27,199,10,2 of 3,22328,Ladd,,Turonian,0.48,,0.03,0.26,0.25,0.03,22,0,0,0,0,0,0,0,6,0,1,1,0,1,1,0,0,4,2,0
2018-02-27,199,10,3 of 3,22325,Ladd,,Turonian,0.5,,0.03,0.5,0.24,0.1,32,0,0,0,0,0,0,0,10,2,0,0,1,0,1,0,0,5,3,1
2018-03-03,199,11,1 of 3,29180,Ladd,,Turonian,0.17,,0.017,0.1,0.017,0.017,8,0,0,0,0,0,0,0,1,0,0,0,0,0,0,0,0,0,0,1
2018-03-03,199,11,2 of 3,29180,Ladd,,Turonian,0.75,,0.03,,0.24,0.017,37,1,0,0,0,0,0,0,14,1,0,1,0,0,1,0,0,3,1,0
2018-03-03,199,11,3 of 3,29181,Ladd,,Turonian,1.0,,0.002,0.55,0.25,0.07,45,0,0,0,0,0,0,0,43,0,1,1,1,0,0,0,0,4,0,1
2018-03-06,199,12,2 of 3,15779,Ladd,,Turonian,0.25,,,0.17,0.17,,14,0,0,0,0,0,0,0,14,0,0,0,0,0,0,0,0,1,0,0
2018-03-06,199,12,3 of 3,15779,Ladd,,Turonian,0.9,,0.017,0.42,0.27,0.03,46,0,0,0,0,0,0,0,40,0,0,0,0,0,0,0,0,3,0,0
2018-03-07,200,02,1 of 3,24316,Ladd,,"Turonian, Coniacian",0.33,,0.08,,0.17,0.1,27,0,0,0,0,0,1,1,0,0,0,0,0,1,1,0,0,8,3,6
2018-03-07,200,02,2 of 3,4588,Ladd,,"Turonian, Coniacian",0.33,,0.03,,0.08,0.017,17,0,0,0,0,0,0,1,2,0,0,0,0,0,1,0,0,0,3,0
2018-03-07,200,02,3 of 3,4588,Ladd,,"Turonian, Coniacian",0.17,,0.03,0.1,0.25,0.017,7,1,0,0,0,0,0,0,0,0,0,0,0,0,0,0,0,3,1,0
2018-03-08,200,03,1 of 3,"8176, 8177",Ladd,,"Turonian, Campanian",0.5,,0.09,0.25,0.16,0.14,18,3,0,0,0,0,1,0,0,3,1,0,0,0,0,0,0,3,3,5
2018-03-08,200,03,2 of 3,8179,Ladd,,"Turonian, Campanian",0.5,,0.03,0.4,0.17,0.03,24,0,0,0,0,0,2,0,3,0,0,0,0,0,0,0,0,2,4,2
2018-03-08,200,03,3 of 3,"8178, 30123",Ladd,,"Turonian, Campanian",0.53,,0.16,0.33,0.25,0.17,31,3,0,1,0,0,1,4,0,0,0,0,0,0,0,0,0,9,6,8
2018-03-09,200,04,1 of 3,8169,Ladd,,Turonian,0.8,,0.04,0.52,0.45,0.15,32,4,0,0,0,0,1,0,8,2,1,0,0,0,0,0,0,9,4,1
2018-03-09,200,04,2 of 3,26981,Ladd,,Turonian,0.2,,0.04,0.18,0.07,0.03,12,0,0,0,0,0,0,0,1,0,0,1,0,0,0,0,0,3,2,1
2018-03-09,200,04,3 of 3,8168,Ladd,,Turonian,0.33,,0.04,0.33,0.25,0.15,23,1,0,0,0,0,0,0,0,1,0,0,0,0,0,0,0,5,1,7
2018-03-10,200,05,1 of 3,1250,Ladd,,Turonian,0.54,,0.03,0.32,0.25,0.08,32,0,0,0,1,0,1,0,9,0,0,0,0,0,0,0,0,3,1,1
2018-03-10,200,05,2 of 3,,Ladd,,Turonian,1.0,,0.03,0.45,0.25,0.06,39,0,0,0,0,0,1,0,15,0,0,0,0,0,0,0,0,6,3,1
2018-03-10,200,05,3 of 3,"4950, 1250",Ladd,,Turonian,0.5,,0.03,0.33,0.25,0.04,23,2,3,0,0,0,0,2,9,1,1,0,0,0,0,0,0,0,2,1
2017-09-01,200,06,1 of 4,15737,Ladd,Baker Canyon,Turonian,1.75,0.17,0.35,0.4,0.19,0.08,21,4,3,1,0,4,4,0,2,14,5,0,1,1,2,0,0,4,0,2
2017-09-01,200,06,2 of 4,15737,Ladd,Baker Canyon,Turonian,1.75,0.25,0.25,0.5,0.3,0.25,21,4,0,1,0,4,4,0,2,14,5,0,1,1,2,0,0,4,0,2
2017-09-01,200,06,3 of 4,15738,Ladd,Baker Canyon,Turonian,1.25,0.5,0.25,0.5,0.3,0.25,21,1,0,4,0,0,0,0,0,11,3,2,3,0,1,0,0,3,1,1
2017-09-01,200,06,4 of 4,15738,Ladd,Baker Canyon,Turonian,1.25,0.4,0.08,0.5,0.23,0.07,21,1,3,4,0,0,0,0,0,11,3,2,3,0,1,0,0,3,1,1
2018-03-13,200,07,1 of 3,"17091, 17092",Ladd,,"Turonian, Coniacian, Campanian",0.25,,,0.09,0.07,,11,0,0,0,0,0,0,0,11,0,0,0,0,0,0,0,0,0,0,0
2018-03-13,200,07,2 of 3,15683,Ladd,,"Turonian, Coniacian, Campanian",0.33,,,0.33,0.13,,18,0,0,0,0,0,2,2,0,0,0,0,0,0,0,0,0,1,0,0
2018-03-13,200,07,3 of 3,15894,Ladd,,"Turonian, Coniacian, Campanian",0.35,,,0.16,0.16,,19,0,0,0,0,0,0,0,17,0,0,0,0,0,0,0,0,0,0,0
2018-03-21,200,08,1 of 3,8198,Ladd,,Turonian,0.33,,0.016,0.25,0.15,0.03,11,2,0,0,0,0,0,0,2,1,1,0,0,1,0,0,0,5,1,1
2018-03-21,200,08,2 of 3,8198,Ladd,,Turonian,0.6,,0.08,0.45,0.31,0.25,33,0,0,0,0,0,1,0,4,0,3,1,0,1,0,0,0,7,4,3
2018-03-21,200,08,3 of 3,"8199, 8200",Ladd,,Turonian,0.4,,0.08,0.17,0.17,0.07,21,1,1,0,0,0,1,0,1,0,2,0,0,0,1,0,0,2,3,2
2018-03-22,200,09,1 of 3,"8187, 8190, 8193",Ladd,,Turonian,0.4,,0.08,0.19,,0.017,21,0,0,0,0,0,0,1,0,0,0,0,1,0,0,0,0,7,2,2
2018-03-22,200,09,2 of 3,8180,Ladd,,Turonian,0.4,,0.08,0.23,0.21,0.25,24,0,0,0,0,0,2,1,3,0,0,0,0,0,0,0,0,5,6,4
2018-03-22,200,09,3 of 3,8194,Ladd,,Turonian,0.5,,0.08,0.2,0.23,0.03,20,0,0,0,0,0,1,0,2,0,0,0,1,0,0,0,0,0,4,1
2018-03-22,200,10,1 of 2,8195,Ladd,,Turonian,0.33,,0.08,0.18,0.16,0.08,19,2,0,0,0,0,0,0,0,1,1,0,0,0,0,0,0,10,2,1
2018-03-22,200,10,2 of 2,8195,Ladd,,Turonian,0.15,,,0.07,0.07,,5,0,0,0,0,0,0,0,1,0,0,0,1,0,1,0,0,0,0,0
2018-03-22,200,11,1 of 2,8197,Ladd,,Turonian,0.4,,0.08,0.35,0.15,0.03,22,0,0,0,0,0,1,0,1,0,1,0,0,0,0,0,0,7,1,0
2018-03-22,200,11,2 of 2,8197,Ladd,,Turonian,0.33,,0.08,0.16,0.09,0.017,10,0,0,0,0,0,0,0,3,0,0,0,1,1,0,0,0,1,0,0
2018-03-27,200,12,1 of 2,10079,Ladd,,Turonian,0.08,0.016,0.08,0.08,0.03,0.017,5,0,0,0,0,0,0,0,0,0,0,0,0,0,0,0,0,0,0,0
2018-03-27,200,12,2 of 2,10079,Ladd,,Turonian,0.75,,0.04,0.6,0.19,0.07,28,2,0,0,0,0,1,1,4,1,2,0,1,1,0,0,0,10,2,3
2018-03-27,201,01,1 of 3,16860,Ladd,,Turonian,0.6,,0.017,0.38,0.16,0.017,25,0,0,0,0,0,0,0,7,0,0,1,0,1,0,0,0,1,0,1
2018-03-27,201,01,2 of 3,16860,Ladd,,Turonian,0.33,,0.03,0.38,0.17,0.03,24,0,0,0,0,0,2,3,7,0,0,0,0,1,0,0,0,2,2,1
2018-03-27,201,01,3 of 3,16860,Ladd,,Turonian,0.4,,,0.5,0.2,,16,0,0,0,0,0,0,0,15,0,0,0,0,0,0,0,0,0,0,0
2018-03-29,201,02,1 of 3,"10109, 31450",Ladd,,Turonian,0.5,,0.03,0.5,0.16,0.07,19,1,0,0,0,0,1,0,1,0,0,0,0,1,1,0,0,5,2,1
2018-03-29,201,02,2 of 3,"11791,10111, 10112",Ladd,,Turonian,0.6,,0.08,0.56,0.23,0.08,37,0,0,0,0,0,1,2,0,0,0,0,0,0,0,0,0,13,3,2
2018-03-29,201,02,3 of 3,10108,Ladd,,Turonian,0.5,,0.03,0.3,0.25,0.03,33,0,0,0,0,0,1,0,20,1,0,0,1,0,0,0,0,5,0,0
2018-03-30,201,03,1 of 3,10889,Ladd,,Turonian,0.33,,0.03,0.19,0.2,0.03,18,0,0,0,0,0,1,0,1,0,0,1,1,1,0,0,0,2,4,3
2018-03-30,201,03,2 of 3,"10886, 10884",Ladd,,Turonian,0.25,,0.03,0.19,0.2,0.06,16,2,0,0,0,0,0,1,1,0,1,0,0,0,0,0,0,7,2,0
2018-03-30,201,03,3 of 3,10863,Ladd,,Turonian,0.17,,0.017,0.31,0.08,0.017,9,0,0,0,0,0,0,0,0,0,0,0,0,0,0,0,0,0,1,0
2018-03-30,201,05,1 of 2,10888,Ladd,,Turonian,0.33,,0.03,0.25,0.17,0.03,20,0,0,0,0,0,1,1,2,0,0,0,0,0,0,0,0,7,2,1
2018-03-30,201,05,2 of 2,10887,Ladd,,Turonian,0.08,,0.017,0.03,0.03,0.017,4,1,0,0,0,0,0,0,0,0,0,0,0,0,0,0,0,1,0,0
2018-03-30,201,06,1 of 3,10885,Ladd,,Turonian,0.17,,0.017,0.08,0.08,0.03,11,0,0,0,0,0,0,0,1,0,0,0,0,0,0,0,0,1,1,0
2018-03-30,201,06,2 of 3,10884,Ladd,,Turonian,0.33,,0.03,0.2,0.15,0.08,21,0,0,0,0,0,1,0,1,0,0,0,0,0,0,0,0,3,2,7
2018-03-30,201,06,3 of 3,10885,Ladd,,Turonian,0.6,,,0.6,0.07,,36,0,0,0,0,0,0,0,36,0,0,0,0,0,0,0,0,0,0,0
2018-04-03,201,07,1 of 3,"10957, 10959",Ladd,,Turonian,0.55,,0.13,0.32,0.08,0.03,23,2,0,0,1,0,3,2,2,0,0,0,0,0,0,0,0,5,3,4
2018-04-03,201,07,2 of 3,"10954, 10952, 10960",Ladd,,Turonian,0.6,,0.18,0.41,0.26,0.17,34,0,0,0,0,0,4,3,3,0,0,0,0,0,0,0,0,14,4,2
2018-04-05,201,07,3 of 3,"10946, 10955",Ladd,,Turonian,0.6,,0.1,0.26,0.17,0.08,26,0,0,0,0,0,3,2,2,0,0,0,0,0,0,0,0,10,2,2
2018-04-05,201,08,1 of 2,"21529, 21532, 15295",Ladd,,Turonian,0.5,,0.08,0.19,0.17,0.04,22,0,0,0,0,0,0,1,1,0,0,0,3,0,0,0,0,8,0,2
2018-04-04,201,08,2 of 2,"17541, 17580",Ladd,,Turonian,0.55,,0.016,0.25,0.24,0.08,34,0,0,0,0,0,0,0,33,0,0,0,0,0,0,0,0,4,0,0
2017-09-06,201,09,1 of 4,22323,Ladd,Baker Canyon,Turonian,1.0,0.75,0.25,0.75,0.3,0.25,27,3,0,0,0,0,0,0,3,1,2,1,2,0,0,2,0,8,3,3
2017-09-07,201,09,2 of 4,22323,Ladd,Baker Canyon,Turonian,1.25,0.5,0.25,0.25,0.3,0.25,14,4,0,0,0,0,1,0,0,3,2,0,1,1,3,1,0,5,0,0
2017-09-07,201,09,3 of 4,22323,Ladd,Baker Canyon,Turonian,1.5,0.25,0.25,0.5,0.3,0.25,19,2,0,2,3,0,4,0,4,2,3,1,1,0,2,0,0,8,2,1
2017-09-08,201,09,4 of 4,22323,Ladd,Baker Canyon,Turonian,0.25,0.076,0.07,0.7,,0.14,2,3,0,2,3,0,4,0,4,2,3,1,1,0,2,0,0,8,2,1
2018-04-05,201,10,1 of 3,"28712, 10106",Ladd,,Turonian,0.04,,,0.08,0.016,,2,0,1,1,0,0,0,0,0,0,0,0,0,0,0,0,0,0,0,0
2018-04-05,201,10,2 of 3,"16644, 16645",Ladd,,Turonian,0.5,,0.1,0.32,0.17,0.04,26,0,0,1,0,0,5,2,1,0,1,0,0,0,0,0,0,7,0,7
2018-04-06,201,11,1 of 3,10893,Ladd,,Turonian,0.6,,0.16,0.5,0.33,0.25,39,0,0,0,0,0,1,2,9,0,1,0,0,1,0,0,0,16,0,5
2018-04-07,201,11,2 of 3,10873,Ladd,,Turonian,0.6,,0.4,0.18,0.15,0.1,24,1,1,1,0,0,2,1,0,1,0,0,0,0,0,0,0,9,0,10
2018-04-07,201,11,3 of 3,10100,Ladd,,Turonian,0.6,,0.22,0.48,0.33,0.1,47,2,0,3,1,0,2,4,14,2,1,1,1,0,0,0,0,17,0,6
2018-04-11,201,12,1 of 3,10099,Ladd,,Turonian,0.25,,0.1,0.25,0.07,0.03,12,0,0,0,0,0,1,1,1,1,0,0,0,0,0,0,0,5,0,2
2018-04-11,201,12,2 of 3,26980,Ladd,,Turonian,0.6,,0.03,0.2,0.08,0.08,20,0,0,1,0,0,5,1,2,0,0,0,0,0,0,0,0,9,0,0
2018-04-11,201,12,3 of 3,10098,Ladd,,Turonian,0.33,,0.03,0.4,0.1,0.03,19,2,0,0,0,0,1,0,2,0,1,0,1,0,0,0,0,3,0,1
2018-02-02,202,01,1 of 4,"10950, 10951, 10949",Ladd,Baker Canyon,Turonian,2.0,,,0.48,0.25,0.07,25,2,0,0,0,0,1,1,3,1,2,0,1,0,0,0,0,8,0,0
2018-02-02,202,01,2 of 4,"10948, 10949",Ladd,,Turonian,1.0,,0.02,0.48,0.09,0.1,21,0,0,0,0,0,1,2,0,0,0,0,1,1,0,0,0,11,0,2
2018-02-02,202,01,3 of 4,10953,Ladd,,Turonian,0.5,,0.03,0.18,0.17,0.03,9,0,0,0,0,0,1,0,0,0,0,0,1,0,0,0,0,3,0,0
2018-02-03,202,02,1 of 2,"10897, 10895, 10898",Ladd,,Turonian,1.0,,0.03,0.38,0.1,0.17,19,0,0,0,0,0,1,1,1,0,2,0,1,0,0,0,0,4,0,2
2018-02-03,202,02,2 of 2,10896,Ladd,,Turonian,0.25,,,0.04,0.03,,3,0,0,0,0,0,0,1,0,0,0,0,1,0,0,0,0,0,0,0
2018-02-03,202,03,1 of 2,10883,Ladd,,Turonian,2.0,,0.02,0.55,0.75,0.33,32,3,0,0,0,0,0,0,9,3,1,1,0,0,0,0,0,8,0,2
2018-02-03,202,03,2 of 2,10891,Ladd,,Turonian,1.0,,0.03,0.34,0.17,0.25,19,1,0,0,0,0,0,1,0,1,1,0,0,0,0,0,0,6,0,8
2018-02-07,202,04,1 of 2,10890,Ladd,,Turonian,1.08,,0.17,0.58,0.33,0.17,35,5,0,0,0,0,1,1,8,5,3,0,2,0,1,0,0,3,0,3
2018-02-07,202,04,2 of 2,10882,Ladd,,Turonian,1.5,,0.17,0.6,0.75,0.33,33,9,0,0,0,0,1,1,2,7,2,2,0,0,0,0,0,20,0,7
2018-02-08,202,05,1 of 2,42358,Ladd,,Turonian,0.5,,,0.08,0.03,,1,1,3,0,0,0,0,1,0,0,1,0,0,0,0,0,0,0,0,0
2018-02-08,202,05,2 of 2,"28715, 28716",Ladd,,Turonian,0.83,,0.17,0.39,0.2,0.03,29,0,0,0,0,0,0,0,3,0,2,3,0,0,0,0,0,9,0,0
2018-02-21,202,05,3 of 3,"6026, 5795, 8170",Ladd,,Turonian,0.6,,0.1,0.56,0.25,0.08,25,6,0,0,0,0,0,1,0,2,2,0,0,0,0,0,0,9,2,1
2018-02-08,202,06,1 of 2,16859,Ladd,,Turonian,1.0,,0.03,0.42,0.33,0.08,23,1,0,0,0,0,2,0,4,2,2,0,0,1,1,0,0,1,0,3
2018-02-08,202,06,2 of 2,"10956, 10947",Ladd,,Turonian,0.75,,0.06,0.55,0.25,0.25,29,0,0,0,0,0,0,1,0,0,1,0,0,0,0,0,1,13,0,0
2018-02-09,202,07,1 of 3,8185,Ladd,,Turonian,1.0,,0.06,0.65,0.33,0.08,29,3,0,0,0,0,3,1,1,2,1,1,0,0,0,0,1,11,0,7
2018-02-09,202,07,2 of 3,"16879, 16878",Ladd,,Turonian,0.75,,0.06,0.5,0.79,0.08,33,0,0,0,0,0,1,0,6,0,1,1,0,1,0,0,0,9,0,1
2018-02-10,202,07,3 of 3,22952,Ladd,,Turonian,0.5,,0.08,0.25,0.25,0.03,17,0,0,0,0,0,0,0,0,0,1,2,0,0,0,0,0,7,0,3
2018-02-13,202,08,1 of 1,9909,Ladd,,Turonian,0.33,,0.017,0.31,0.17,0.016,11,1,0,0,0,0,1,2,0,1,1,0,1,0,1,0,0,1,0,0
2018-02-13,202,09,1 of 3,30122,Ladd,,Turonian,0.55,,0.08,0.55,0.4,0.08,39,4,0,0,0,0,1,1,18,3,3,1,0,0,0,0,0,8,1,1
2018-02-13,202,09,2 of 3,30123,Ladd,,Turonian,1.75,,0.08,0.82,0.5,0.1,57,4,0,0,0,0,0,3,19,4,0,0,0,0,1,0,0,19,0,5
2018-02-13,202,09,3 of 3,16858,Ladd,,Turonian,1.15,,0.03,0.38,0.12,0.03,24,0,0,0,0,0,0,0,21,0,0,0,1,0,1,0,0,3,0,1
2018-02-17,202,10,3 of 3,"28709, 3565, 3567",Ladd,,Turonian,0.52,,0.017,0.25,0.17,0.017,15,0,0,0,0,0,0,0,13,0,1,0,0,0,0,0,0,1,0,0
2018-02-16,202,10,1 of 3,31501,Ladd,,Turonian,0.75,,,0.1,0.03,,7,0,0,0,0,0,0,0,6,0,0,0,0,0,1,0,0,0,0,0
2018-02-17,202,10,2 of 3,"23563, 23566",Ladd,,Turonian,0.33,,,0.08,0.08,,6,0,0,0,0,0,0,0,3,0,0,0,0,0,0,0,0,0,1,0
2018-02-02,202,11,1 of 4,23449,Ladd,,Turonian,0.6,0.08,0.08,0.4,0.17,0.33,35,0,0,0,0,0,0,0,32,0,0,0,0,0,0,0,0,20,0,7
2018-02-17,202,11,4 of 4,23449,Ladd,,Turonian,0.6,0.08,0.08,0.4,0.17,0.33,35,0,0,0,0,0,0,0,32,0,0,0,0,0,0,0,0,20,0,0
2018-02-17,202,11,2 of 4,23449,Ladd,,Turonian,0.38,,,0.1,0.04,0.017,6,1,0,0,0,0,0,0,5,1,0,0,0,0,0,0,1,1,0,0
2018-03-02,202,11,3 of 4,23449,Ladd,,Turonian,0.52,,0.017,0.38,0.17,0.017,31,1,0,0,0,0,0,0,32,0,0,0,0,1,0,0,0,2,0,0
2018-02-17,202,12,1 of 3,23449,Ladd,,"Turonian, Coniacian",1.0,,0.04,0.55,0.24,0.15,28,5,0,0,0,0,0,0,7,3,1,0,0,0,0,0,0,14,0,2
2018-03-02,202,12,2 of 3,23449,Ladd,,"Turonian, Coniacian",1.5,,0.3,0.32,0.31,0.19,32,0,0,0,0,0,0,0,32,0,0,0,0,0,1,0,0,3,2,3
2018-03-02,202,12,3 of 3,23449,Ladd,,"Turonian, Coniacian",0.75,,0.03,0.45,0.23,0.06,26,0,0,0,0,0,0,0,22,0,0,0,0,0,0,0,0,4,0,0
2018-02-21,203,01,1 of 1,"8167, 17543, 17544, 17545",Ladd,,"Turonian, Coniacian",0.33,,0.017,0.17,0.07,0.017,12,0,0,0,0,0,0,0,6,0,0,0,0,0,0,0,0,2,0,0
2018-05-04,203,02,1 of 3,20130,Redding,,Turonian,0.05,,,0.03,0.017,,1,0,0,0,0,0,0,0,0,0,0,0,0,0,0,0,0,0,0,0
2018-05-04,203,02,2 of 3,42423,Redding,,Turonian,0.33,,0.03,0.24,0.08,0.03,25,0,1,0,0,0,0,0,25,0,0,0,0,0,0,0,0,1,0,1
2018-05-04,203,02,3 of 3,42423,Redding,,Turonian,0.17,,,0.08,0.08,,12,0,0,0,0,0,0,0,12,0,0,0,0,0,0,0,0,0,0,0
2018-06-14,203,03,1 of 2,"10904, 10789",Redding,,Turonian,0.17,,0.08,0.08,0.03,,4,0,1,0,0,0,0,0,4,0,0,0,0,0,0,0,0,1,0,0
2018-06-14,203,04,1 of 2,25466,Redding,,Turonian,1.0,,0.25,0.8,,0.1,33,0,1,0,0,0,0,0,30,0,0,0,0,0,1,0,0,10,3,5
2018-06-14,203,04,2 of 2,26054,Redding,,Turonian,0.33,,,0.5,0.17,,27,0,1,0,0,0,0,0,27,0,0,0,0,0,0,0,0,0,0,0
2018-04-13,203,05,1 of 3,24653,Redding,,Turonian,3.25,,0.33,0.55,0.33,0.33,67,1,0,0,0,0,0,0,50,4,2,0,0,0,0,0,0,15,0,6
2018-04-13,203,05,2 of 3,24653,Redding,,Turonian,2.5,0.25,0.25,0.55,0.5,0.5,49,0,1,14,4,0,2,0,23,4,1,2,0,1,1,0,0,0,0,0
2018-04-17,203,05,3 of 3,24649,Redding,,Turonian,2.0,,0.08,0.75,0.18,0.04,22,0,0,0,0,0,1,9,8,0,1,1,0,0,0,0,0,0,3,10
2018-04-27,203,06,1 of 4,10778,Redding,,Turonian,1.0,,,0.4,,,18,0,0,0,0,0,0,1,17,0,0,1,1,0,0,0,0,0,0,0
2018-04-27,203,06,2 of 4,10778,Redding,,Turonian,1.0,,0.07,0.38,0.33,0.17,48,1,0,0,0,0,0,1,42,1,0,0,1,0,0,0,0,3,1,6
2018-05-02,203,06,3 of 4,10778,Redding,,Turonian,1.25,,0.07,0.8,0.6,0.08,60,0,0,0,0,0,0,2,54,3,3,0,1,0,0,0,0,1,0,1
2018-05-02,203,06,4 of 4,10778,Redding,,Turonian,1.25,0.24,0.017,0.16,0.25,0.017,12,0,1,0,0,0,0,0,9,0,1,1,0,2,4,0,0,1,0,0
2018-06-15,203,08,1 of 4,27230,Redding,,Turonian,0.5,,,0.25,0.08,,21,0,2,0,0,0,0,0,21,0,0,0,0,0,0,0,0,0,0,0
2018-06-15,203,08,2 of 4,27229,Redding,,Turonian,0.5,,,0.3,0.12,,23,0,0,0,0,0,0,0,23,0,0,0,0,0,0,0,0,0,0,0
2018-06-15,203,08,2 of 4,27229,Redding,,Turonian,0.5,,0.03,0.17,0.08,0.016,11,0,1,0,0,0,0,0,11,0,0,0,0,1,0,0,0,1,0,0
2018-06-15,203,08,3 of 4,27233,Redding,,Turonian,0.75,,0.017,0.55,0.17,0.03,3,0,1,0,0,0,0,0,33,0,0,1,0,0,0,0,0,0,0,0
2018-06-15,203,08,4 of 4,27231,Redding,,Turonian,0.2,,,0.07,0.03,,6,0,2,0,0,0,0,0,6,0,0,0,0,0,0,0,0,0,0,0
2018-06-15,203,09,1 of 2,12540,Redding,,Turonian,0.25,,,0.2,0.03,,10,0,0,0,0,0,0,0,10,0,0,0,0,0,0,0,0,0,0,0
2018-06-15,203,09,2 of 2,12540,Redding,,Turonian,0.25,,,0.24,0.08,,16,0,0,0,0,0,0,0,16,0,0,0,0,0,0,0,0,0,0,0
2018-06-15,203,10,1 of 2,26060,Redding,,Turonian,0.6,,0.08,0.5,0.5,,26,0,1,0,0,0,0,0,26,1,1,1,0,0,0,0,0,2,0,0
2018-06-15,203,10,2 of 2,26062,Redding,,Turonian,0.3,,,0.3,0.3,,15,0,0,0,0,0,0,0,15,0,0,0,2,0,0,0,0,0,0,0
2018-06-16,203,11,1 of 1,26061,Redding,,Turonian,0.52,,0.08,0.75,0.08,,23,0,1,0,0,0,0,0,23,0,1,0,0,0,1,0,0,1,0,1
2018-06-16,203,12,1 of 2,26063,Redding,,Turonian,0.4,,,0.3,0.5,,16,1,1,0,0,0,0,0,16,0,1,0,0,0,0,0,0,0,0,0
2018-06-16,203,12,2 of 2,26063,Redding,,Turonian,0.3,,,0.16,0.08,,19,0,0,0,0,0,0,0,19,0,0,0,0,0,0,0,0,0,0,0
2018-04-19,204,02,1 of 3,"10774, 2329",Redding,,Turonian,0.35,,0.04,0.5,0.16,0.25,16,0,2,2,0,0,3,1,1,0,3,0,0,0,0,0,0,1,4,3
2018-04-19,204,02,2 of 3,10775,Redding,,Turonian,1.0,,0.04,0.33,0.16,0.16,22,0,0,1,0,0,2,0,7,0,1,0,1,0,0,0,0,4,2,3
2018-04-19,204,02,3 of 3,"10776, 10777",Redding,,Turonian,1.0,,0.07,1.0,0.25,0.16,27,0,0,2,1,0,4,0,8,0,0,1,0,2,0,0,0,4,0,5
2018-04-20,204,03,1 of 3,"10771, 10908",Redding,,"Turonian, Santonian",0.8,,0.05,0.4,0.17,0.04,22,3,1,2,1,0,4,0,13,2,0,1,0,0,0,0,0,5,2,5
2018-04-20,204,03,2 of 3,"10771, 10908",Redding,,"Turonian, Santonian",0.8,,0.1,0.4,0.17,0.05,22,3,1,2,1,0,4,0,13,2,0,1,0,0,0,0,0,5,2,5
2018-04-20,204,03,3 of 3,10773,Redding,,"Turonian, Santonian",1.25,,0.25,0.48,0.38,0.4,23,0,1,1,0,0,8,0,9,0,1,0,0,0,0,2,0,0,5,13
2018-04-24,204,04,1 of 4,10769,Redding,,Turonian,0.6,,0.16,0.27,0.18,0.25,23,0,0,5,0,0,4,0,4,1,0,0,0,0,0,0,0,5,1,3
2018-04-24,204,04,2 of 4,10810,Redding,,Turonian,1.0,,0.33,0.38,0.33,0.4,35,0,1,4,0,0,5,4,10,0,0,0,2,0,1,0,0,12,4,9
2018-04-25,204,04,3 of 4,10772,Redding,,Turonian,0.8,,0.16,0.33,0.18,0.08,26,3,1,1,0,0,3,2,5,2,1,2,1,0,0,0,0,8,2,5
2018-04-25,204,04,4 of 4,"10768, 10769",Redding,,Turonian,0.6,,0.12,0.32,0.45,0.08,29,0,0,2,2,0,5,2,7,0,0,0,0,1,0,0,0,8,7,4
2018-04-26,204,05,1 of 4,10759,Redding,,Turonian,0.75,,0.5,0.75,0.17,0.25,35,0,0,3,1,0,8,1,10,0,0,0,0,0,0,0,0,9,4,11
2018-04-26,204,05,2 of 4,10764,Redding,,Turonian,0.9,,,,0.25,0.25,36,1,0,5,0,0,2,1,13,0,1,0,0,0,0,0,0,9,5,5
2018-04-26,204,05,3 of 4,10763,Redding,,Turonian,0.8,,0.35,0.38,0.17,0.08,29,2,0,6,0,0,7,2,5,2,2,0,0,0,1,0,0,4,8,7
2018-04-26,204,05,4 of 4,"10760, 10862",Redding,,Turonian,0.58,,0.25,0.25,0.1,0.08,23,1,0,6,0,0,6,0,7,1,0,1,0,0,0,0,1,3,2,2
2018-05-03,204,06,1 of 4,"10762, 10767",Redding,,Turonian,0.6,,0.17,0.58,1.4,0.17,26,1,0,2,0,0,4,2,9,1,0,0,0,0,1,0,0,11,1,3
2018-05-03,204,06,2 of 4,10761,Redding,,Turonian,0.25,,0.03,0.25,0.08,,7,1,0,0,0,0,3,0,4,0,1,0,0,0,0,0,0,0,2,0
2018-05-03,204,06,3 of 4,10761,Redding,,Turonian,0.25,,0.03,0.1,0.03,0.016,8,2,0,0,0,0,2,0,8,1,1,1,0,1,0,0,0,1,0,1
2018-05-03,204,06,4 of 4,10761,Redding,,Turonian,0.25,,,0.03,0.017,,3,0,0,0,0,0,0,0,3,0,0,0,0,0,0,0,0,0,0,0
2018-05-04,204,07,1 of 2,12539,Redding,,Turonian,0.8,,,0.4,0.17,,34,0,0,0,0,0,0,0,34,0,0,0,0,0,0,0,0,0,0,0
2018-05-04,204,07,2 of 2,10789,Redding,,Turonian,1.0,,0.3,0.35,1.4,0.3,35,1,1,1,1,0,4,1,17,2,1,0,0,0,1,0,0,7,7,12
2018-06-12,204,08,1 of 3,10740,Redding,,"Turonian, Santonian",1.0,,0.25,1.0,0.18,0.08,31,0,1,3,0,0,2,4,17,0,0,0,0,0,0,0,0,4,2,11
2018-06-12,204,08,2 of 3,10738,Redding,,"Turonian, Santonian",1.0,,0.04,0.5,0.18,0.04,27,1,1,5,5,0,1,0,10,1,0,0,0,0,1,0,0,3,3,3
2018-06-12,204,08,3 of 3,"10738, 10739, 10740, 28714 ",Redding,,"Turonian, Santonian",0.33,,0.03,0.33,0.09,0.03,18,0,0,2,3,0,0,2,11,0,0,0,0,0,0,0,0,2,0,0
2018-06-13,204,09,1 of 3,10738,Redding,,"Turonian, Santonian",0.5,,,0.25,0.07,,7,0,0,0,0,0,0,0,6,0,0,0,1,0,1,0,0,0,0,0
2018-06-13,204,09,2 of 3,10738,Redding,,"Turonian, Santonian",0.5,,0.016,0.5,0.1,0.016,21,0,0,0,0,0,0,0,20,0,0,0,0,0,1,0,0,0,0,0
2018-06-13,204,09,3 of 3,10738,Redding,,"Turonian, Santonian",0.75,,0.08,1.0,0.25,0.08,47,3,0,0,0,0,0,0,50,0,1,0,0,0,0,0,0,0,1,0
2018-06-13,204,10,1 of 3,10738,Redding,,"Turonian, Santonian",0.4,,0.08,0.4,0.1,0.016,24,0,1,0,0,0,0,0,24,0,0,0,0,0,0,0,0,2,0,1
2018-06-13,204,10,2 of 3,10738,Redding,,"Turonian, Santonian",1.08,,0.03,0.8,0.33,0.016,41,0,0,0,0,0,0,0,41,0,1,0,2,0,1,0,0,2,0,0
2018-06-13,204,10,3 of 3,10738,Redding,,"Turonian, Santonian",1.5,,0.08,1.0,1.0,0.016,54,0,0,2,0,0,0,0,49,0,1,0,1,1,0,0,0,2,0,1
2018-06-14,204,11,1 of 1,24214,Redding,,Turonian,1.5,,0.5,1.0,0.2,0.17,49,0,0,4,0,0,2,10,19,0,3,1,0,1,0,0,0,15,4,13
2018-06-16,205,01,1 of 3,24658,Redding,,Turonian,0.5,,0.05,0.58,0.1,0.07,24,0,1,2,0,0,2,2,5,0,0,0,0,0,0,0,0,3,6,8
2018-06-16,205,01,2 of 3,10818,Redding,,Turonian,0.5,,,0.45,0.08,,20,1,1,0,0,0,0,0,13,0,0,0,1,0,1,0,0,0,0,0
2018-05-01,205,01,3 of 3,"10815, 10814, 10867",Redding,,Turonian,1.25,,0.25,0.38,0.33,0.4,24,9,0,8,6,1,0,1,10,9,0,1,0,0,0,0,0,13,3,12
2018-06-16,205,02,1 of 2,29929,Redding,,Turonian,0.17,,,0.15,0.04,,11,0,0,0,0,0,0,0,11,0,0,0,0,0,0,0,0,0,0,0
2018-06-16,205,02,2 of 2,"24651, 24105",Redding,,Turonian,0.75,,0.17,0.25,0.12,0.25,28,3,1,2,0,0,1,2,17,0,0,0,0,0,0,0,0,7,3,8
2018-06-19,205,03,1 of 3,24652,Redding,,"Turonian, Santonian",1.0,,0.25,0.8,0.17,0.17,52,0,1,2,0,0,2,1,39,0,0,1,0,0,0,0,0,12,4,2
2018-06-19,205,03,2 of 3,"24649, 24650",Redding,,"Turonian, Santonian",0.3,,0.08,0.19,0.08,,14,0,0,0,0,0,3,0,6,0,0,0,0,0,0,0,0,8,0,2
2018-06-16,205,03,3 of 3,"10915, 10916, 10917",Redding,,"Turonian, Santonian",0.45,,,0.25,0.05,,13,0,2,0,0,0,0,0,13,0,0,0,0,0,0,0,0,0,1,0
2018-06-16,205,04,2 of 2,24654,Redding,,Turonian,0.5,,0.08,0.33,0.05,0.03,16,1,0,6,0,0,0,1,5,0,0,0,0,0,0,0,0,6,3,3
2018-06-20,205,05,3 of 4,10728,Redding,,"Turonian, Santonian",0.6,,0.17,0.55,0.1,0.17,29,6,0,2,1,0,1,1,21,1,2,0,0,0,0,0,0,5,3,12
2018-06-20,205,05,4 of 4,"10726, 10727",Redding,,"Turonian, Santonian",1.17,,0.25,0.6,0.2,0.25,39,1,0,2,0,0,8,1,14,1,1,1,0,0,0,0,0,10,4,13
2018-05-04,205,05,2 of 4,"10729, 10730",Redding,,"Turonian, Santonian",1.75,0.5,0.35,0.5,0.33,0.17,31,19,0,0,0,0,0,0,0,0,0,0,0,0,0,0,0,0,0,0
2018-05-02,205,05,1 of 4,10808,Redding,,"Turonian, Santonian",1.6,,0.1,0.33,0.33,0.25,23,7,0,7,0,0,9,2,8,8,0,0,0,0,0,0,0,9,3,4
2017-10-06,205,06,1 of 2,10735,Redding,,Turonian,1.5,0.75,0.25,0.5,0.5,0.25,22,4,0,6,2,0,3,0,6,4,0,2,1,1,2,3,0,8,7,2
2018-06-22,205,06,2 of 3,"10736, 10737",Redding,,Turonian,1.0,,0.25,0.6,0.17,0.3,40,4,0,0,0,0,16,0,13,2,1,1,0,0,1,0,0,9,10,8
2018-06-22,205,06,3 of 3,10733,Redding,,Turonian,0.85,,0.17,0.8,0.17,0.17,37,2,1,1,0,0,8,0,19,1,1,0,0,0,1,0,0,6,1,7
2018-06-22,205,09,1 of 4,"10747, 10785, 10748",Redding,,Turonian,0.75,,0.25,0.4,0.15,0.3,30,1,0,4,0,0,2,3,9,1,0,0,0,0,0,0,0,10,4,8
2018-06-22,205,09,2 of 4,10746,Redding,,Turonian,0.74,,0.09,0.3,0.09,0.09,28,0,0,2,1,0,2,8,7,0,1,0,0,0,0,0,0,5,6,9
2018-06-22,205,09,3 of 4,10749,Redding,,Turonian,1.0,,0.08,0.5,0.2,0.03,34,0,0,2,0,0,0,4,24,0,1,1,1,0,0,0,0,3,2,0
2018-06-22,205,09,4 of 4,"10744, 10745",Redding,,Turonian,0.75,,0.17,0.5,0.17,0.09,33,0,1,3,0,0,1,4,17,0,0,0,0,0,0,0,0,9,3,11
2018-07-03,205,10,1 of 2,24213,Redding,,"Turonian, Coniacian",0.8,,0.08,0.5,0.1,0.25,29,2,0,2,1,0,3,3,15,0,2,0,0,0,0,0,0,8,5,6
2018-07-03,205,10,2 of 2,"12566, 26053, 25487",Redding,,"Turonian, Coniacian",0.25,,,0.25,0.04,,10,0,1,0,0,0,0,0,10,0,0,0,0,0,0,0,0,1,0,0
2018-07-05,205,11,1 of 4,10754,Redding,,Turonian,1.08,,0.25,1.33,0.16,0.09,39,2,0,0,0,0,0,0,36,2,0,0,0,0,0,0,0,10,0,0
2018-07-05,205,11,2 of 4,25421,Redding,,Turonian,2.0,,,0.75,0.17,0.14,44,0,1,0,0,0,0,0,44,0,0,0,0,0,0,0,0,15,0,5
2018-07-05,205,11,3 of 4,25421,Redding,,Turonian,1.0,,0.5,1.75,,0.09,29,0,1,0,0,0,0,0,20,0,1,1,1,1,0,0,0,6,2,2
2018-07-05,205,11,4 of 4,25421,Redding,,Turonian,1.17,,0.25,1.75,0.17,0.27,44,4,0,2,0,0,0,0,35,2,0,0,0,0,0,0,0,14,6,19
2018-07-06,205,12,1 of 3,10754=25421,Redding,,Turonian,0.6,,,0.6,,,26,0,0,1,1,0,0,0,25,0,0,0,0,0,0,0,0,0,0,1
2018-07-05,205,12,2 of 3,10754=25421,Redding,,Turonian,0.17,,,0.17,0.03,,8,0,0,0,0,0,0,0,8,0,0,0,0,0,0,0,0,0,0,0
2018-07-07,205,12,3 of 3,10754=25421,Redding,,Turonian,0.6,,0.19,0.5,0.25,0.19,27,1,0,2,1,0,1,4,15,1,0,1,0,0,1,0,0,7,4,5
2018-06-26,206,01,1 of 1,15802,Redding,,Turonian,0.3,,,0.17,0.016,,10,0,1,0,0,0,0,0,10,0,0,0,0,0,0,0,0,0,0,0
2017-09-29,206,02,1 of 2,"10742, 10743",Redding,Frazier Siltstone,Turonian,4.0,0.5,0.25,0.5,0.5,0.25,38,3,0,10,3,0,2,14,0,3,0,2,0,1,0,4,0,8,9,12
2018-06-26,206,03,1 of 3,15803,Redding,,Turonian,0.25,,0.016,0.09,0.016,0.016,6,0,0,1,0,0,0,0,5,0,0,0,0,0,0,0,0,2,0,0
2018-06-26,206,03,2 of 3,"10765, 10766",Redding,,Turonian,0.4,,0.08,0.25,0.3,,21,0,0,0,2,0,0,0,12,0,0,0,0,0,0,0,0,5,1,0
2018-06-26,206,03,3 of 3,24655,Redding,,Turonian,0.27,,0.016,0.17,,0.016,7,0,5,1,0,0,0,0,3,0,0,0,0,0,0,0,0,1,1,0
2018-06-27,206,04,1 of 2,15839,Redding,,"Turonian, Santonian",1.0,,0.25,0.5,0.09,,30,0,4,1,0,0,0,1,24,0,0,0,0,0,0,0,0,8,3,9
2018-06-27,206,04,1 of 2,28802,Redding,,"Turonian, Santonian",0.3,,,0.17,0.016,,4,0,0,0,0,0,0,0,4,0,0,0,0,0,0,0,0,0,0,0
2018-06-29,206,06,1 of 3,24365,Redding,,Turonian,1.0,,0.08,0.17,0.25,0.15,28,0,1,0,0,0,0,3,25,0,0,0,0,0,0,0,0,8,1,2
2018-06-27,206,05,3 of 3,"24210, 24211",Redding,,"Turonian, Coniacian",0.35,,0.17,0.25,0.3,0.15,28,0,1,5,2,0,2,6,11,0,0,0,0,0,0,0,0,8,7,3
2018-06-27,206,05,2 of 3,24212,Redding,,Turonian,0.7,,0.17,0.25,0.25,,23,1,0,2,0,0,3,3,8,1,0,0,2,0,0,0,0,5,2,3
2018-06-29,206,06,1 of 3,24365,Redding,,Turonian,2.5,,0.25,1.0,0.27,0.3,63,3,3,3,0,0,10,5,37,4,1,0,0,0,0,0,0,20,9,3
2018-06-30,206,06,2 of 3,24365,Redding,,Turonian,,,,0.25,,,,,,,,,,,,,,,,,,,,,,
2018-06-30,206,06,2 of 3,24365,Redding,,Turonian,1.0,,0.016,0.5,0.3,0.016,52,0,0,0,0,0,0,0,52,0,0,0,0,0,0,0,0,1,0,0
2018-06-30,206,06,2 of 3,24365,Redding,,Turonian,,,,0.25,,,,,,,,,,,,,,,,,,,,,,
2018-06-28,206,06,3 of 3,24365,Redding,,Turonian,0.75,,0.17,0.26,0.3,0.03,35,0,2,0,0,0,0,1,33,0,0,0,0,0,0,0,0,0,0,0
2018-07-06,206,08,1 of 3,"10750, 10751",Redding,,"Turonian, Coniacian, Santonian",0.5,,,1.0,0.33,0.07,20,0,1,3,1,0,2,3,4,0,1,0,0,0,0,0,0,3,3,8
2018-07-06,206,08,2 of 3,"10752, 10753",Redding,,"Turonian, Coniacian, Santonian",0.6,,0.08,0.5,0.25,0.08,28,2,0,10,2,0,2,7,3,2,0,0,0,0,0,0,0,7,4,7
2018-07-06,206,09,1 of 1,15736,Redding,,Turonian,0.75,,,0.52,0.5,0.08,36,2,1,1,0,0,0,0,35,1,1,0,1,0,0,0,0,6,2,5
2018-07-12,213,02,1 of 3,"15871, 24331",Redding,,"Turonian, Coniacian, Santonian",0.33,,,0.19,0.08,,16,0,2,0,0,0,0,0,16,0,0,0,0,0,0,0,0,0,0,0
2018-07-12,213,02,2 of 3,"28721, 28718",Redding,,"Turonian, Coniacian, Santonian",0.75,,0.04,0.3,0.08,0.03,18,0,1,0,0,0,0,0,16,0,0,0,0,0,0,0,0,4,0,1
2018-07-12,213,02,3 of 3,"24321, 28720",Redding,,"Turonian, Coniacian, Santonian",0.4,,0.02,0.25,0.07,0.016,16,0,0,0,0,0,0,0,16,0,0,0,0,0,0,0,0,2,0,0
2018-07-12,213,07,1 of 1,15754,Redding,,Santonian,1.33,,0.09,0.6,0.17,0.17,37,2,2,0,0,0,0,0,38,5,1,0,0,0,0,0,0,11,2,1
2018-07-12,213,08,1 of 2,26005,Redding,,"Turonian, Santonian",0.08,,0.05,0.08,0.03,,6,0,0,6,0,0,0,0,6,0,0,0,0,0,0,0,0,0,0,0
2018-07-12,213,08,2 of 2,26005,Redding,,"Turonian, Santonian",0.8,,,0.33,0.08,0.03,23,0,0,23,0,0,0,0,23,0,1,0,1,0,0,0,0,4,0,0
2018-07-13,213,10,1 of 2,24105,Redding,,"Turonian, Santonian",0.55,,0.2,0.4,0.09,0.03,24,1,0,0,0,0,0,0,25,0,0,0,0,0,0,0,0,6,2,1
2018-07-13,213,10,2 of 2,26004,Redding,,"Turonian, Santonian",0.1,,,0.03,,,3,0,0,0,0,0,0,0,3,0,0,0,0,0,0,0,0,1,0,0
2018-07-14,213,11,1 of 2,24078,Redding,,"Turonian, Coniacian, Santonian",0.6,,0.08,0.25,0.08,0.09,17,0,0,0,0,0,0,0,17,0,1,0,0,0,3,0,0,4,3,3
2018-07-14,213,11,2 of 2,"24223, 28726, 28727, 24323",Redding,,"Turonian, Coniacian, Santonian",0.4,,0.08,0.3,0.03,0.04,13,0,0,0,0,0,0,0,13,0,0,0,0,0,0,0,0,5,1,2
2018-08-04,214,02,1 of 3,24328,Redding,,"Turonian, Santonian",0.9,,0.08,0.4,0.15,0.17,34,0,3,0,0,0,0,0,34,0,0,0,0,0,0,1,0,5,4,7
2018-08-04,214,02,2 of 3,"24648, 27098",Redding,,"Turonian, Santonian",1.75,,0.17,0.5,0.18,0.25,36,3,2,0,0,0,0,0,39,3,0,0,0,0,0,0,0,10,2,14
2018-08-07,214,02,3 of 3,24648,Redding,,"Turonian, Santonian",1.75,,0.33,0.74,0.2,0.17,51,0,2,0,0,0,0,0,51,2,2,0,0,0,0,0,0,15,4,21
2018-08-04,214,04,1 of 3,10843,Redding,,"Turonian, Coniacian, Santonian",0.45,,0.08,0.25,0.08,0.17,20,0,0,0,0,0,0,0,20,0,0,0,0,0,0,0,0,7,1,6
2018-08-07,214,04,2 of 3,"25432, 23369",Redding,,"Turonian, Coniacian, Santonian",0.3,,0.016,0.22,0.08,0.016,17,0,2,0,0,0,0,0,17,0,0,0,1,0,0,0,0,2,1,1
2018-08-04,214,04,3 of 3,"10914, 28719",Redding,,"Turonian, Coniacian, Santonian",0.75,,0.03,0.28,0.08,0.08,19,0,0,0,0,0,0,0,19,0,0,0,0,0,0,0,0,2,3,0
2018-08-02,214,07,1 of 2,24105,Redding,,"Turonian, Santonian",0.6,,0.04,0.3,0.08,0.08,21,1,0,0,0,0,0,0,21,0,0,0,0,0,0,0,0,2,1,9
2018-08-02,214,07,2 of 2,"24079, 24080",Redding,,"Turonian, Santonian",0.5,,0.05,0.33,0.15,0.09,23,0,1,0,0,0,0,0,22,0,0,0,1,0,0,0,0,8,3,4
2018-08-02,214,08,1 of 2,25388,Redding,,"Turonian, Santonian",0.9,,0.04,0.5,0.5,0.25,39,0,1,0,0,0,0,0,39,0,0,3,0,0,0,0,0,5,3,4
2018-08-02,214,08,2 of 2,"8136, 29214, 29213, 29211, 25388",Redding,,"Turonian, Santonian",0.5,,0.03,0.5,0.17,0.03,31,0,1,0,0,0,0,0,31,0,1,0,0,0,0,0,0,0,1,0
2018-08-13,214,10,1 of 2,26014,Redding,,"Turonian, Santonian",0.52,,0.03,0.45,0.25,,29,0,1,0,0,0,0,0,29,0,0,0,0,0,0,0,0,2,1,1
2018-08-13,214,10,2 of 2,"26006, 26007, 28728",Redding,,"Turonian, Santonian",0.25,,0.016,,0.07,0.016,13,0,0,0,0,0,0,0,13,0,1,0,0,0,0,0,0,2,0,0
2018-08-13,214,11,1 of 2,"25391, 25392, 25389, 25395",Redding,,"Turonian, Santonian",0.25,,0.016,,0.25,0.016,13,0,1,0,0,0,0,0,13,0,0,0,0,0,0,0,0,2,0,0
2018-08-13,214,11,2 of 2,24336,Redding,,"Turonian, Santonian",0.17,,0.04,0.5,0.03,0.06,12,0,1,0,0,0,0,0,12,0,0,0,0,0,0,0,0,0,0,4
2018-08-13,214,12,1 of 2,10937,Redding,,"Turonian, Coniacian, Santonian",0.42,,0.08,0.33,0.07,0.17,22,0,0,0,0,0,0,0,22,0,0,0,0,0,0,0,0,6,4,8
2018-08-13,214,12,2 of 2,"10936, 19037, 10938, 10935",Redding,,"Turonian, Coniacian, Santonian",0.5,,0.09,,0.17,0.19,31,0,1,0,0,0,0,0,31,0,0,0,0,0,0,0,0,7,1,12
2018-08-11,215,02,1 of 3,23953,Redding,,"Turonian, Coniacian, Santonian",0.25,,,0.1,0.04,,9,0,0,0,0,0,0,6,3,0,0,0,0,0,2,0,0,0,0,0
2018-08-11,215,02,2 of 3,23953,Redding,,"Turonian, Coniacian, Santonian",1.0,,0.1,0.25,0.12,0.17,36,0,0,0,0,0,0,1,34,0,0,0,1,0,0,0,0,8,6,9
2018-08-11,215,02,3 of 3,"24245, 24218",Redding,,"Turonian, Coniacian, Santonian",0.5,,0.08,0.5,0.1,0.1,26,0,1,0,0,0,0,0,21,0,0,0,0,0,0,0,0,7,3,6
2018-07-24,215,03,1 of 2,24334,Redding,,"Turonian, Santonian",0.5,,0.01,0.4,0.07,,21,0,1,0,0,0,0,0,21,0,0,0,0,0,0,0,0,1,0,0
2018-07-25,215,04,1 of 2,"10909, 10913",Redding,,"Turonian, Santonian",0.25,,0.016,0.17,,0.016,5,1,1,0,0,0,0,0,5,0,0,0,1,0,0,0,0,1,0,0
2018-07-24,215,04,2 of 2,"25394, 25393",Redding,,"Turonian, Santonian",0.5,,0.02,0.45,0.08,,18,0,1,0,0,0,0,0,18,0,0,0,0,0,0,0,0,2,1,0
2018-07-24,215,05,1 of 2,"10822, 10825",Redding,,"Turonian, Coniacian, Santonian",0.55,,0.04,0.35,0.1,,18,0,0,0,0,0,0,0,16,0,0,0,1,0,0,0,0,7,1,3
2018-07-24,215,05,2 of 2,"24248, 10828",Redding,,"Turonian, Coniacian, Santonian",0.8,,0.08,0.55,0.07,,21,1,1,0,0,0,1,0,19,0,0,0,0,1,0,0,0,5,2,8
2018-05-09,217,03,1 of 4,23615,Chico,,Coniacian,1.33,,0.25,0.6,0.17,0.33,27,2,3,4,2,0,1,0,10,2,2,0,0,0,2,0,0,10,0,14
2018-05-05,217,03,2 of 4,"23616, 23617, 59556",Chico,,Coniacian,1.5,,0.25,0.17,0.25,0.25,30,3,0,1,0,0,2,6,7,2,2,0,1,0,1,0,0,4,5,14
2018-05-10,217,03,3 of 4,10846,Chico,,Coniacian,1.5,,0.33,0.5,0.33,0.17,28,2,0,1,0,0,0,2,13,2,1,0,0,0,2,1,0,10,3,8
2018-05-10,217,03,4 of 4,23616,Chico,,Coniacian,1.25,,0.08,0.2,0.1,0.016,19,0,0,0,0,0,0,0,19,0,0,0,1,0,0,0,0,2,0,0
2018-05-09,217,07,1 of 3,26967,Tuna Canyon,Member B,Coniacian,4.0,,0.17,0.75,0.17,0.25,52,5,4,1,0,1,9,1,35,4,1,2,2,2,1,0,0,6,12,7
2018-05-09,217,07,2 of 3,26967,Tuna Canyon,Member B,Coniacian,,,0.19,0.6,0.25,0.17,,,,,,,,,,,,,,,,,,,,
2018-05-09,217,07,3 of 3,26997,Tuna Canyon,,Coniacian,0.5,,0.03,0.75,0.16,0.03,16,1,1,0,0,0,0,0,16,0,5,1,0,0,3,0,0,2,0,0
2018-07-11,217,10,1 of 4,10755,Redding,,"Turonian, Coniacian, Santonian",0.8,,,0.28,0.6,0.09,32,1,0,0,0,0,1,1,26,1,0,0,0,0,0,0,0,5,6,4
2018-07-11,217,10,2 of 4,10756,Redding,,"Turonian, Coniacian, Santonian",0.8,,0.2,1.0,0.17,0.07,24,1,0,0,0,0,0,1,20,1,0,1,0,0,2,0,0,5,6,8
2018-07-11,217,10,3 of 4,"10755, 10757, 10844, 15760",Redding,,"Turonian, Coniacian, Santonian",0.8,,0.08,0.5,0.17,0.17,26,2,0,3,0,0,2,6,16,2,0,0,0,2,0,0,0,5,4,5
2018-07-11,217,10,4 of 4,10758,Redding,,"Turonian, Coniacian, Santonian",0.75,,,1.0,0.17,,20,4,1,2,0,0,0,1,7,3,0,0,4,0,1,0,0,5,0,4
2018-07-21,218,07,1 of 2,15786,Redding,,Coniacian,0.17,,0.016,0.08,0.07,,9,0,2,0,0,0,0,0,9,0,0,0,0,0,0,0,0,0,1,0
2018-07-21,218,07,2 of 2,17178,Redding,,Coniacian,0.38,,0.02,0.33,0.08,0.02,11,1,0,1,0,0,0,0,10,0,0,0,0,0,0,0,0,2,0,0
2018-07-18,218,08,1 of 2,10817,Redding,,Coniacian,1.08,,0.07,0.8,0.1,0.08,23,0,1,1,0,0,0,2,14,1,0,1,1,0,2,0,0,8,1,5
2018-07-16,218,08,2 of 2,10817,Redding,,Coniacian,1.3,,0.17,0.75,0.17,0.25,33,2,1,3,0,0,2,2,26,2,0,1,0,0,0,0,0,6,5,20
2018-07-18,218,09,1 of 3,10816,Redding,,Coniacian,1.17,,0.04,0.5,0.24,0.08,34,2,3,2,0,0,0,0,34,2,3,3,1,1,0,0,0,5,2,1
2018-07-18,218,09,2 of 3,10816,Redding,,Coniacian,1.0,,0.04,0.4,0.1,0.17,41,0,2,2,0,0,0,2,32,0,0,0,0,0,0,0,0,3,2,4
2018-07-18,218,09,3 of 3,10816,Redding,,Coniacian,0.2,,,0.17,0.03,,4,0,0,0,0,0,0,4,0,0,0,0,0,0,2,0,0,0,0,0
2018-07-18,218,09,3 of 3,10816,Redding,,Coniacian,0.33,,,0.3,0.08,,19,0,0,0,0,0,0,8,11,0,0,0,0,0,0,0,0,0,0,0
2018-07-19,218,10,1 of 2,10816,Redding,,Coniacian,0.55,,0.03,1.0,0.1,0.03,20,2,1,0,0,0,0,0,17,1,1,0,0,0,0,0,0,1,0,0
2018-07-19,218,10,2 of 2,10816,Redding,,Coniacian,1.08,,0.08,0.45,0.2,,29,1,1,1,0,0,0,0,23,1,0,0,0,0,0,0,0,5,2,0
2018-07-19,218,11,1 of 4,10816,Redding,,Coniacian,0.8,,0.17,0.33,0.45,,33,1,0,0,0,0,1,3,22,0,0,0,0,0,0,0,0,8,8,10
2018-07-19,218,11,2 of 4,10816,Redding,,Coniacian,1.0,,0.09,0.5,0.25,0.07,29,3,1,0,0,1,0,0,26,0,0,0,0,0,0,0,0,6,4,1
2018-07-20,218,11,3 of 4,10816,Redding,,Coniacian,1.0,,0.17,0.33,0.15,0.33,24,4,0,4,3,0,2,2,12,4,2,0,0,0,0,0,0,10,3,6
2018-07-20,218,11,4 of 4,10816,Redding,,Coniacian,1.33,,0.17,1.0,0.25,,38,1,1,2,0,0,1,11,26,1,0,0,0,0,0,0,0,12,5,5
2018-07-20,218,12,1 of 1,10816,Redding,,Coniacian,1.0,,0.1,0.5,0.24,0.17,46,2,0,0,0,0,1,0,44,2,1,0,1,0,0,0,0,5,1,7
2018-07-25,219,01,1 of 2,10826,Redding,,Coniacian,0.33,,,0.25,0.06,,19,0,0,1,0,0,4,1,7,0,0,0,0,0,0,0,0,0,0,0
2018-07-25,219,01,2 of 2,10827,Redding,,Coniacian,1.0,,0.07,0.45,0.2,0.17,42,0,1,1,0,0,2,2,30,0,0,0,0,0,0,0,0,1,1,0
2018-07-27,219,02,1 of 4,24104,Redding,,Coniacian,1.75,,0.09,0.8,0.17,0.07,44,3,1,1,0,0,0,0,37,3,2,0,1,0,0,0,0,16,3,4
2018-07-27,219,02,2 of 4,24104,Redding,,Coniacian,1.5,,0.016,0.56,0.18,,50,1,1,1,0,0,0,1,49,1,0,1,2,0,1,0,0,7,3,1
2018-07-27,219,02,3 of 4,24104,Redding,,Coniacian,0.3,,0.08,0.45,0.17,0.07,32,1,1,0,0,0,0,0,31,1,0,0,0,0,0,0,0,3,3,0
2018-07-27,219,02,4 of 4,10942,Redding,,Coniacian,1.0,,,0.53,0.33,0.04,55,0,0,0,0,0,0,0,55,0,2,0,0,0,0,2,0,4,1,1
2018-07-28,219,03,1 of 1,26934,Redding,,"Coniacian, Santonian",0.45,,,0.33,0.09,0.04,20,0,1,0,0,0,0,0,19,0,0,0,0,0,1,0,0,0,1,2
2018-07-28,219,04,1 of 3,10823,Redding,,Coniacian,0.5,,0.09,0.25,0.25,0.17,24,0,0,1,0,0,1,5,6,0,1,0,1,1,0,0,0,7,4,5
2018-07-28,219,04,2 of 3,8133,Redding,,Coniacian,0.33,,0.08,0.25,0.5,0.25,21,0,0,1,0,0,0,0,16,0,2,0,0,0,0,0,0,5,7,2
2018-07-28,219,04,3 of 3,8133,Redding,,Coniacian,0.35,,,0.25,0.25,,21,0,0,0,0,0,0,0,21,0,0,0,0,1,0,0,0,7,2,0
2018-07-08,220,03,1 of 4,"10829, 10830",Redding,,"Turonian, Coniacian, Santonian",0.75,,0.09,0.5,0.24,0.25,38,1,0,1,0,0,1,0,35,1,1,0,0,0,0,0,0,10,6,11
2018-07-08,220,03,2 of 4,10821,Redding,,"Turonian, Coniacian, Santonian",0.75,,0.08,0.4,0.16,0.08,31,1,1,1,0,0,0,1,25,0,0,0,1,0,1,0,0,6,5,7
2018-07-08,220,03,3 of 4,"10831, 15343",Redding,,"Turonian, Coniacian, Santonian",0.6,,0.09,0.33,0.18,0.17,36,1,0,0,0,0,0,0,32,1,0,0,1,0,0,0,0,13,4,15
2018-07-08,220,03,4 of 4,"24324, 16666",Redding,,"Turonian, Coniacian, Santonian",1.0,,0.017,0.29,0.16,0.25,39,1,2,0,0,0,0,0,36,2,1,1,1,0,1,0,0,7,8,8
2018-08-11,220,04,1 of 3,10807,Redding,,"Turonian, Coniacian, Santonian",0.55,,0.08,0.42,0.07,0.08,22,0,0,0,0,0,0,0,17,0,0,1,0,0,0,0,0,3,4,10
2018-08-10,220,04,2 of 3,24209,Redding,,"Turonian, Coniacian, Santonian",0.66,,0.12,0.5,0.12,0.1,20,2,0,0,0,0,0,0,17,2,0,0,1,0,0,0,0,9,2,6
2018-09-11,220,04,3 of 3,24209,Redding,,"Turonian, Coniacian, Santonian",0.84,,0.08,0.5,0.25,0.23,21,0,1,0,0,0,0,2,17,1,0,0,0,0,1,0,0,7,2,3
2018-08-11,220,06,1 of 1,15768,Redding,,Santonian,0.25,,,0.25,0.04,0.016,14,0,0,0,0,0,1,0,10,0,0,0,0,0,0,0,0,1,1,1
2018-10-10,220,09,1 of 4,10847,Chico,,Santonian,1.0,0.33,0.05,0.33,0.15,0.03,21,0,0,3,0,0,0,1,7,0,3,0,0,0,1,0,0,0,3,2
2018-05-11,220,09,1 of 4,10849,Chico,,Santonian,0.55,,0.33,0.33,0.17,0.25,19,5,0,2,0,0,3,3,2,5,0,0,1,0,2,1,0,6,6,4
2018-10-10,220,09,2 of 4,"10848, 10852",Chico,,Santonian,1.25,,0.12,0.66,0.08,0.15,31,1,0,2,4,0,3,3,7,1,0,0,1,0,0,0,0,2,2,16
2018-10-10,220,09,3 of 4,10847,Chico,,Santonian,1.0,,0.08,0.25,0.12,0.1,18,0,0,1,0,0,0,1,5,0,0,1,2,0,2,0,0,2,3,0
2018-10-10,220,09,4 of 4,10847,Chico,,Santonian,1.0,0.66,0.08,0.5,0.08,0.15,12,4,0,1,0,1,4,0,0,4,0,0,1,0,0,0,0,3,2,7
2018-05-11,220,10,2 of 4,10851,Chico,,Santonian,1.5,,0.2,1.0,0.4,0.17,53,0,1,5,0,0,0,2,24,0,0,0,1,0,0,1,0,17,11,5
2018-05-11,220,10,3 of 4,10849,Chico,,Santonian,0.75,,0.33,0.3,0.17,0.17,20,1,0,5,0,0,2,0,3,2,0,1,0,0,0,0,0,9,1,2
2018-05-10,220,10,4 of 4,10850,Chico,,Santonian,1.0,,0.25,0.33,0.33,0.25,34,2,0,3,1,0,1,2,7,2,4,0,0,0,0,0,0,0,0,0
2018-10-11,220,11,1 of 2,"28782, 28783",Chico,,Santonian,0.33,,,0.25,0.08,,15,0,0,6,1,0,1,2,3,0,0,0,0,0,0,0,0,0,0,0
2018-10-11,220,11,2 of 2,,Chico,,Santonian,0.25,,,0.15,0.15,,16,0,1,0,0,0,0,0,16,0,0,0,0,0,0,0,0,0,0,0
2018-10-11,220,12,1 of 4,"23618, 23619",Chico,,"Coniacian, Santonian, Campanian",0.92,,,0.5,0.25,0.1,33,0,3,3,1,0,4,0,2,2,0,0,0,1,0,0,0,1,3,13
2018-10-11,220,12,2 of 4,"23619, 23621, 23620",Chico,,"Coniacian, Santonian, Campanian",0.66,,0.15,0.5,0.1,0.05,25,0,5,0,0,0,6,0,4,0,1,0,1,0,0,0,0,2,3,5
2018-10-11,220,12,3 of 4,23622,Chico,,"Coniacian, Santonian, Campanian",0.45,,0.07,0.25,0.08,0.15,13,4,0,0,0,0,1,2,3,4,33,0,0,0,0,0,0,3,4,1
2018-10-11,220,12,4 of 4,"10849, 10851",Chico,,"Coniacian, Santonian, Campanian",0.33,,,0.2,0.15,,22,0,0,0,0,0,0,0,20,0,0,0,0,0,0,0,0,0,0,0
2018-10-15,220,12,4 of 4,,Chico,,"Coniacian, Santonian, Campanian",,,,,,,,,,,,,,,,,,,,,,,,,,
2018-10-12,223,02,1 of 4,23624,Chico,,"Coniacian, Santonian, Campanian",0.75,,0.05,0.2,0.05,0.08,14,2,1,0,0,0,0,0,3,2,0,0,0,1,0,0,0,3,5,5
2018-10-12,223,02,2 of 4,23624,Chico,,"Coniacian, Santonian, Campanian",0.75,,0.05,0.65,0.15,0.07,41,0,0,3,0,0,3,0,13,0,1,0,1,0,1,0,0,4,4,2
2018-10-12,223,02,3 of 4,23623,Chico,,"Coniacian, Santonian, Campanian",1.15,,0.07,0.33,0.1,0.08,26,1,1,1,0,0,3,0,3,1,1,1,1,2,1,0,0,7,3,6
2018-10-12,223,02,4 of 4,"23623, 15755",Chico,,"Coniacian, Santonian, Campanian",1.15,,0.07,0.43,0.25,0.07,29,0,5,0,0,0,1,0,8,0,0,1,0,0,1,0,0,6,4,4
2017-08-19,223,04,1 of 4,"23627, 23628",Chico,Musty Buck,Santonian,2.5,0.75,0.5,1.0,0.8,0.5,43,6,0,7,0,2,5,0,4,10,3,0,0,0,1,2,0,18,1,15
2017-08-22,223,04,2 of 4,23627,Chico,,Santonian,2.0,0.26,0.33,0.5,,0.16,23,0,4,3,0,0,1,0,0,0,2,1,0,1,1,1,0,7,3,4
2017-08-22,223,04,2 of 4,23627,Chico,Musty Buck,Santonian,2.0,0.25,0.25,0.75,0.8,0.25,23,6,0,3,0,0,0,0,4,0,2,1,0,1,1,1,0,7,3,4
2017-08-23,223,04,3 of 4,"23629, 23630",Chico,,Santonian,5.0,0.5,1.5,2.5,1.3,0.75,66,4,0,13,0,6,9,0,5,65,3,1,0,1,0,0,0,17,17,24
2017-08-22,223,04,3 of 4,23630,Chico,,Santonian,5.0,0.4,1.2,2.5,0.34,0.75,66,4,11,13,0,6,9,0,5,65,3,1,0,1,0,0,0,17,17,24
2017-08-25,223,04,4 of 4,23628,Chico,Musty Buck,Santonian,1.75,0.5,0.5,0.75,1.1,0.75,31,3,0,5,0,1,0,0,5,3,2,2,1,0,1,0,0,9,7,10
2017-08-25,223,04,4 of 4,23628,Chico,,Santonian,1.6,0.6,0.4,0.75,0.33,0.7,31,3,5,5,0,1,0,0,5,3,2,2,1,0,1,0,0,9,7,10
2018-10-12,223,05,1 of 3,23633,Chico,,"Santonian, Campanian",0.84,,0.05,0.15,0.08,0.05,14,0,0,1,1,0,0,0,1,0,0,0,1,1,1,0,0,0,3,4
2018-10-16,223,05,2 of 3,23633,Chico,,"Santonian, Campanian",0.84,,0.08,0.58,0.13,0.1,30,3,0,4,0,0,3,0,7,3,0,0,0,1,1,0,0,10,4,7
2018-10-16,223,05,3 of 3,"23631, 23632, 23623",Chico,,"Santonian, Campanian",0.5,,0.15,0.25,0.5,0.1,13,1,1,0,0,0,3,0,1,1,0,0,0,0,0,0,0,1,2,10
2018-09-19,223,07,2 of 3,"15777, 23791, 26935",Redding,,"Turonian, Coniacian, Santonian",0.5,,0.08,0.33,,0.66,31,0,4,0,0,0,0,0,31,0,0,0,0,0,0,0,0,5,7,4
2018-09-19,223,07,3 of 3,"15782, 24330",Redding,,"Turonian, Coniacian, Santonian",0.15,,0.03,0.08,0.03,,6,0,6,0,0,0,0,0,6,0,0,0,0,0,0,0,0,1,0,0
2018-09-19,223,07,3 of 3,"15782, 24330",Redding,,"Turonian, Coniacian, Santonian",0.15,,0.03,0.08,0.03,,6,0,6,0,0,0,0,0,6,0,0,0,0,0,0,0,0,1,0,0
2018-10-21,223,08,1 of 4,"10866, 10900",Redding,,"Turonian, Santonian",0.66,,0.5,0.82,0.75,,42,0,1,0,0,0,0,0,36,0,0,0,0,0,0,0,0,5,9,16
2018-09-19,223,08,2 of 4,"15783, 24077",Redding,,"Turonian, Santonian",0.58,,,0.4,0.15,0.25,28,0,2,0,0,0,0,0,26,0,0,0,0,0,1,0,0,15,3,5
2018-10-19,223,08,3 of 4,10820,Redding,,"Turonian, Santonian",0.25,,0.08,0.12,0.05,0.02,10,0,0,0,0,0,0,0,9,0,0,0,0,0,0,0,0,1,2,3
2018-09-20,223,08,4 of 4,"24323, 24322",Redding,,"Turonian, Santonian",0.58,,0.33,0.33,0.08,0.13,23,0,1,0,0,0,0,0,22,0,0,0,0,0,0,0,0,2,3,13
2018-09-21,223,10,1 of 2,10796,Redding,,"Turonian, Santonian",0.66,,0.12,0.58,,,26,1,1,0,0,0,1,0,21,1,0,1,0,1,1,0,0,3,3,7
2018-09-26,223,10,1 of 2,24336,Redding,,"Turonian, Santonian",0.5,,0.03,0.75,0.5,,46,0,1,0,0,0,0,0,45,0,0,0,0,0,0,0,0,2,1,2
2018-09-21,223,10,2 of 2,24217,Redding,,"Turonian, Santonian",0.75,,0.12,0.45,0.15,0.18,37,3,1,0,0,0,0,0,31,2,0,0,0,0,0,0,0,15,2,11
2018-09-26,223,10,2 of 2,24336,Redding,,"Turonian, Santonian",1.0,,0.05,0.58,0.12,0.08,51,0,1,0,0,0,0,8,43,0,1,1,1,0,0,0,0,6,1,1
2018-09-21,223,11,1 of 2,10796,Redding,,Santonian,0.58,,0.08,0.43,0.5,,35,0,1,0,0,0,0,0,33,0,0,0,0,0,0,0,0,4,2,1
2018-09-21,223,11,2 of 2,26015,Redding,,Santonian,0.2,,,0.15,0.08,,15,0,0,0,0,0,0,0,15,0,0,0,0,0,0,0,0,0,0,0
2018-09-27,223,12,1 of 3,10787,Redding,,"Coniacian, Santonian",0.58,,0.12,0.33,0.12,0.11,40,0,0,5,1,0,3,0,27,0,0,0,0,1,0,0,0,10,4,12
2018-09-26,223,12,2 of 3,10787,Redding,,"Coniacian, Santonian",0.92,,0.15,0.58,0.18,0.2,64,0,0,1,1,0,0,3,44,0,0,0,0,0,0,0,0,17,8,12
2018-09-27,223,12,3 of 3,10787,Redding,,"Coniacian, Santonian",0.33,,,0.08,0.07,,8,0,0,0,0,0,0,6,2,0,0,0,0,1,1,0,0,0,0,0
2018-08-18,224,07,1 of 3,10797,Redding,,"Coniacian, Santonian",1.0,,0.17,0.5,0.19,0.14,42,0,0,0,0,0,2,1,33,0,1,1,0,0,0,0,0,9,5,16
2018-09-15,224,07,2 of 3,10788,Redding,,"Coniacian, Santonian",1.15,,0.58,1.0,0.25,0.25,32,2,0,1,0,0,7,7,11,0,1,0,0,1,0,0,0,8,10,7
2018-08-15,224,07,3 of 3,10786,Redding,,"Coniacian, Santonian",0.8,,0.5,1.0,0.1,0.2,41,1,0,2,1,0,5,7,13,4,0,0,1,0,0,0,0,10,9,20
2018-09-11,224,08,1 of 4,24106,Redding,,"Coniacian, Santonian",0.58,,0.5,1.0,0.12,0.25,31,2,1,0,0,0,0,1,11,2,1,0,0,1,0,0,0,17,2,8
2018-09-05,224,08,2 of 4,10796,Redding,,"Coniacian, Santonian",0.33,,0.15,0.58,,0.08,20,0,0,0,0,0,0,1,16,0,0,0,0,0,0,0,0,9,2,4
2018-09-04,224,08,3 of 4,"24106, 24107",Redding,,"Coniacian, Santonian",0.92,,,0.37,0.08,0.55,26,0,0,1,0,0,0,0,24,0,0,0,0,0,0,0,0,9,4,9
2018-09-11,224,08,4 of 4,24106,Redding,,"Coniacian, Santonian",0.58,,0.25,0.5,0.08,,19,0,0,0,0,0,0,0,15,0,0,0,0,1,2,0,0,6,1,5
2018-09-11,224,09,1 of 3,10795,Redding,,"Turonian, Coniacian, Santonian",0.75,,0.25,1.0,,0.15,29,1,1,0,0,0,0,0,28,0,1,1,0,0,0,0,0,10,3,10
2018-09-04,224,09,1 of 4,10794,Redding,,"Turonian, Coniacian, Santonian",0.9,,0.17,0.48,0.08,0.25,30,1,0,0,1,0,1,1,20,1,0,0,0,0,0,0,0,11,3,12
2018-09-12,224,09,2 of 3,10792,Redding,,"Turonian, Coniacian, Santonian",1.15,,0.25,0.55,0.15,0.25,32,2,0,0,0,0,0,2,25,1,2,0,0,0,2,0,0,11,4,9
2018-10-12,224,09,3 of 3,"10793, 10845",Redding,,"Turonian, Coniacian, Santonian",0.75,,0.25,0.5,0.12,0.25,29,0,0,0,0,0,0,0,27,0,0,0,0,1,0,0,0,10,4,10
2018-09-13,224,10,1 of 3,25390,Redding,,"Turonian, Santonian",0.84,,,1.45,0.33,0.08,51,0,1,0,0,0,0,0,51,0,0,0,0,0,0,0,0,8,2,13
2018-09-18,224,10,1 of 3,25390,Redding,,"Turonian, Santonian",1.5,,0.5,0.73,0.3,0.15,45,1,1,0,0,0,0,0,45,1,0,2,1,0,0,0,0,17,5,9
2018-09-12,224,10,3 of 3,25390,Redding,,"Turonian, Santonian",0.5,,,0.33,0.07,,29,0,0,0,0,0,0,0,29,0,0,0,0,0,0,0,0,0,0,0
2018-09-18,224,11,1 of 4,10801,Redding,,"Turonian, Santonian",0.66,,0.25,0.37,,,0,1,0,1,0,0,1,4,16,0,1,0,0,1,0,0,0,9,7,9
2018-09-18,224,11,2 of 4,10798,Redding,,"Turonian, Santonian",0.84,,0.25,0.53,0.45,0.15,32,0,1,2,0,0,2,9,11,0,2,0,0,1,0,0,0,9,4,9
2018-10-18,224,11,2 of 4,10798,Redding,,"Turonian, Santonian",0.84,,0.25,0.53,0.45,0.15,32,0,1,2,0,0,2,9,11,0,2,0,0,1,0,0,0,9,4,9
2018-09-18,224,11,3 of 4,"10799, 10800",Redding,,"Turonian, Santonian",0.75,,0.25,0.47,0.13,0.25,30,0,0,2,0,0,6,9,8,0,0,1,1,0,0,0,0,7,5,11
2018-09-18,224,11,4 of 4,"10802, 10804",Redding,,"Turonian, Santonian",0.5,,0.15,0.43,0.13,0.12,26,0,0,1,0,0,1,8,11,0,0,0,0,2,0,0,0,8,4,4
2018-10-18,224,11,4 of 4,"10802, 10804",Redding,,"Turonian, Santonian",0.5,,0.15,0.43,0.13,0.12,26,0,0,1,0,0,1,8,11,0,0,0,0,2,0,0,0,8,4,4
2018-09-19,224,12,1 of 4,"24220, 24221",Redding,,"Turonian, Santonian",1.0,,0.15,0.75,0.5,,33,0,0,0,0,0,1,2,27,0,0,0,1,0,1,0,0,6,9,0
2018-09-19,224,12,2 of 4,10805,Redding,,"Turonian, Santonian",0.66,,0.45,0.58,0.5,,27,1,0,2,0,0,2,2,16,1,0,1,0,1,0,0,0,6,3,11
2018-09-19,224,12,3 of 4,"24219, 24247, 23296",Redding,,"Turonian, Santonian",0.58,,0.1,0.33,0.5,,27,2,0,0,0,0,1,0,23,1,1,1,0,0,0,0,0,7,2,5
2018-09-19,224,12,4 of 4,10824,Redding,,"Turonian, Santonian",0.45,,0.08,0.25,,0.08,14,1,0,0,0,0,2,3,4,1,1,0,1,0,0,0,0,4,2,3
2018-07-31,225,01,1 of 2,24246,Redding,,"Santonian, Campanian",1.33,,0.1,0.82,0.25,0.25,51,4,0,1,3,0,0,0,43,4,0,0,0,0,0,0,0,14,4,8
2018-08-01,225,01,2 of 2,24246,Redding,,"Santonian, Campanian",0.33,,0.016,0.25,0.08,0.016,19,0,1,0,0,0,0,0,19,0,0,0,0,0,0,0,0,1,0,0
2018-10-17,225,02,1 of 3,"24665, 24666",Chico,,"Coniacian, Santonian, Campanian",1.0,,0.33,0.66,0.22,0.15,46,0,0,4,1,0,2,7,15,1,1,1,1,0,0,0,0,10,8,17
2018-10-17,225,02,2 of 3,24664,Chico,,"Coniacian, Santonian, Campanian",1.0,,0.25,0.53,0.15,0.25,34,1,1,6,0,0,1,4,6,2,0,0,0,0,0,0,0,5,5,13
2018-10-17,225,02,3 of 3,"24663, 24662",Chico,,"Coniacian, Santonian, Campanian",1.15,,1.5,0.45,0.12,0.25,25,2,1,6,0,0,4,6,7,1,1,0,0,0,0,0,0,2,3,5
2018-10-24,225,03,1 of 3,24659,Chico,,Santonian,2.5,,0.12,0.84,0.13,0.15,70,1,1,12,5,0,7,16,30,1,0,1,1,0,0,0,0,0,0,0
2018-10-24,225,03,2 of 3,24659,Chico,,Santonian,,,0.18,0.66,0.12,0.2,,,,,,,,,,,,,,,,,,3,4,30
2018-10-26,225,04,1 of 2,27245,Chico,,"Santonian, Campanian",0.58,,,0.25,0.13,,29,0,0,0,0,0,0,0,29,0,0,0,0,0,0,0,0,0,0,0
2018-10-26,225,04,2 of 2,"27244, 27245",Chico,,"Santonian, Campanian",0.45,,,0.66,0.18,,34,0,0,0,0,0,0,0,34,0,0,0,0,0,0,0,0,0,0,0
2018-10-27,225,05,2 of 2,27247,Chico,,"Santonian, Campanian",0.33,,,0.2,0.08,,23,0,0,0,0,0,0,0,23,0,0,0,0,0,0,0,0,0,0,0
2018-11-01,225,06,1 of 3,15788,Chico,,Santonian,1.0,,0.03,0.45,0.15,0.05,28,1,0,0,0,0,0,0,28,0,1,0,0,0,0,0,0,3,2,2
2018-11-01,225,06,2 of 3,15788,Chico,,Santonian,0.5,,,0.15,0.12,,18,0,0,0,0,0,0,0,18,0,0,0,0,0,0,0,0,0,0,0
2018-11-01,225,06,3 of 3,15788,Chico,,Santonian,0.25,,,0.12,0.08,,15,1,1,0,0,0,0,0,16,0,0,0,0,0,0,0,0,0,0,0
2018-11-01,226,01,1 of 2,15791,Chico,,Santonian,0.25,,0.02,0.15,0.05,,10,0,5,0,0,0,0,0,10,0,0,0,0,0,0,0,0,0,0,1
2018-11-01,226,01,2 of 2,15793,Chico,,"Coniacian, Santonian",0.25,,0.02,0.25,0.15,0.02,26,0,3,0,0,0,0,0,26,0,0,0,0,0,0,0,0,1,1,1
2018-11-01,226,02,1 of 3,15794,Chico,,"Coniacian, Campanian",0.5,,,0.5,0.18,,20,0,0,0,0,0,0,0,20,0,0,0,0,0,0,0,0,0,0,0
2018-11-01,226,02,2 of 3,15794,Chico,,"Coniacian, Campanian",0.45,,0.02,0.15,0.08,0.03,15,0,2,0,0,0,0,0,13,0,0,0,0,0,0,0,0,1,1,1
2018-11-01,226,02,3 of 3,15794,Chico,,"Coniacian, Campanian",0.33,,,0.5,0.08,,22,0,1,0,0,0,0,0,22,0,0,0,0,0,0,0,0,0,0,0
2018-11-02,227,02,1 of 3,17612,Chico,,Campanian,0.58,,0.33,0.25,0.15,0.03,28,0,1,0,0,0,0,0,28,0,0,0,0,0,0,0,0,2,2,1
2018-11-02,227,02,2 of 3,17611,Chico,,Campanian,0.37,,0.37,0.1,0.05,,11,0,1,0,0,0,0,0,11,0,0,0,0,0,0,0,0,0,0,0
2018-11-02,227,02,3 of 3,"17611, 17612",Chico,,Campanian,1.0,,0.33,0.5,0.22,0.08,37,2,1,3,1,0,0,1,17,2,0,0,0,0,0,0,0,4,5,6
2018-11-06,227,03,1 of 4,10832,Chico,,Campanian,0.66,,0.33,0.5,0.15,,28,2,1,0,0,0,0,0,3,1,1,0,1,0,0,0,0,3,7,9
2018-11-06,227,03,2 of 4,10832,Chico,,Campanian,1.15,,0.25,0.5,0.12,,45,0,1,1,0,0,2,0,35,0,0,0,0,0,0,0,0,5,0,12
2018-11-06,227,03,3 of 4,10833,Chico,,Campanian,0.5,,0.12,0.45,0.18,0.13,34,1,0,1,1,0,6,3,2,0,0,0,0,0,0,0,0,7,5,13
2018-11-06,227,03,4 of 4,10832,Chico,,Campanian,0.45,,0.03,0.17,0.07,0.03,9,1,0,0,0,0,0,0,0,1,0,1,0,0,1,1,0,3,0,0
2018-11-07,227,04,2 of 4,24081,Chico,,"Coniacian, Santonian, Campanian",1.08,,0.5,0.75,,0.75,38,3,7,2,0,0,1,0,27,3,0,0,1,0,0,0,0,6,5,16
2018-11-07,227,04,3 of 4,24340,Chico,,"Coniacian, Santonian, Campanian",1.0,,0.08,0.33,0.07,0.08,17,5,3,4,0,0,1,0,17,5,0,0,0,0,0,0,0,3,3,8
2018-11-07,227,04,4 of 4,24340,Chico,,"Coniacian, Santonian, Campanian",1.0,,0.33,0.84,0.12,0.15,31,0,0,0,0,0,0,0,17,0,3,2,1,0,0,1,0,11,6,5
2018-11-07,227,05,1 of 4,28780,Chico,,"Coniacian, Campanian",0.33,,0.08,0.5,,0.1,13,2,0,4,1,0,3,0,1,2,0,0,0,0,0,0,0,2,3,3
2018-11-07,227,05,2 of 4,22406,Chico,,"Coniacian, Campanian",0.66,,0.33,0.5,0.12,0.25,31,0,0,0,0,0,0,0,23,0,0,0,1,0,0,0,0,6,7,12
2018-11-11,227,05,3 of 4,"24337, 24338",Chico,,"Coniacian, Campanian",0.58,,0.25,0.75,0.15,0.08,30,0,0,0,0,0,0,0,25,0,0,0,0,0,0,1,0,11,4,5
2018-11-09,227,05,4 of 4,11798,Chico,,"Coniacian, Campanian",1.0,,,0.75,0.15,,50,0,1,0,0,0,0,0,50,0,0,0,0,0,0,0,0,0,0,0
2018-11-13,227,06,1 of 3,27255,Chico,,Santonian,0.25,,,0.25,,,,,,,,,,,,,,,,,,,,,,
2018-11-13,227,06,1 of 3,27255,Chico,,Santonian,0.25,,,0.25,0.03,0.02,10,0,1,0,0,0,0,0,10,0,0,0,0,0,0,0,0,0,0,1
2018-11-13,227,06,2 of 3,26918,Chico,,Santonian,0.2,,,0.12,0.03,,9,0,1,0,0,0,0,0,9,0,0,0,0,0,0,0,0,0,0,0
2018-11-13,227,06,3 of 3,27255,Chico,,Santonian,0.75,,,0.4,0.43,0.15,25,0,3,0,0,0,0,0,25,0,0,0,0,0,0,0,0,5,0,5
2018-11-24,227,07,1 of 1,15764,Chico,,"Coniacian, Campanian",0.15,,,0.12,0.05,,12,0,0,0,0,0,0,0,12,0,0,0,0,0,0,0,0,0,0,0
2018-11-27,227,08,1 of 3,23793,Chico,,"Coniacian, Santonian, Campanian",0.75,,,0.5,0.25,0.08,30,0,0,0,0,0,0,0,28,1,0,0,0,0,0,0,0,7,6,11
2018-11-14,227,09,1 of 4,10855,Chico,,"Santonian, Campanian",0.84,,0.08,0.75,,0.25,31,1,0,7,0,0,2,3,3,1,1,0,0,0,0,0,0,7,8,13
2018-11-14,227,09,2 of 4,10853,Chico,,"Santonian, Campanian",0.66,,0.15,0.75,,0.25,31,0,2,4,0,0,3,3,7,0,0,0,0,0,2,1,0,8,5,7
2018-11-14,227,09,3 of 4,10854,Chico,,"Santonian, Campanian",0.5,,0.08,0.5,,0.15,23,0,0,1,0,0,3,2,4,0,1,0,1,0,0,0,0,8,4,6
2018-11-14,227,09,4 of 4,10856,Chico,,"Santonian, Campanian",0.84,,0.15,1.25,,0.25,35,0,0,1,0,0,9,4,7,0,1,0,0,0,0,0,1,3,7,19
2018-11-21,227,10,1 of 4,10861,Chico,,"Santonian, Campanian",1.0,,,0.73,0.15,0.33,26,3,0,4,1,0,2,0,3,3,1,0,0,0,0,1,0,4,3,16
2018-11-21,227,10,2 of 4,10861,Chico,,"Santonian, Campanian",1.0,,,0.33,0.15,0.08,26,3,0,3,0,0,4,1,5,3,0,0,0,1,2,0,0,6,4,8
2018-11-21,227,10,3 of 4,10858,Chico,,"Santonian, Campanian",0.45,,0.08,0.25,0.08,0.08,15,1,0,2,0,0,2,1,3,1,0,1,0,0,0,0,0,1,3,6
2018-11-21,227,10,3 of 4,10858,Chico,,"Santonian, Campanian",0.35,,0.08,0.25,0.08,0.08,15,1,0,2,0,0,2,1,3,1,0,1,0,0,0,0,0,1,3,6
2018-11-21,227,10,4 of 4,"10857, 1859",Chico,,"Santonian, Campanian",0.33,,0.08,0.3,0.08,0.08,18,0,0,4,0,0,2,2,0,0,0,0,0,0,0,0,0,3,3,3
2018-11-14,227,11,1 of 1,28781,,,,0.66,,0.08,0.75,,0.08,31,0,1,4,1,0,5,1,9,0,1,0,0,0,0,0,0,3,0,1
2018-11-24,227,12,1 of 4,"23631, 23633, 23634, 23632",Chico,,"Coniacian, Santonian, Campanian",0.84,,,0.66,0.15,0.15,37,0,1,6,1,0,5,0,1,0,0,0,0,0,0,0,0,6,8,18
2018-11-24,227,12,2 of 4,23635,Chico,,"Coniacian, Santonian, Campanian",1.25,,0.33,0.87,0.33,0.45,50,1,3,7,2,0,4,2,4,1,0,0,0,0,0,0,0,12,5,21
2018-11-24,227,12,3 of 4,23631,Chico,,"Coniacian, Santonian, Campanian",1.0,,0.25,0.7,0.25,0.25,38,1,0,6,3,0,4,2,8,2,0,1,2,0,0,0,0,9,8,9
2018-11-24,227,12,3 of 4,23631,Chico,,"Coniacian, Santonian, Campanian",1.0,,0.25,0.7,0.25,0.25,38,1,0,6,3,0,4,2,8,2,0,1,2,0,0,0,0,9,8,9
2018-11-24,227,12,4 of 4,"23632, 23192",Chico,,"Coniacian, Santonian, Campanian",1.15,,0.15,0.75,0.25,0.33,39,1,5,8,3,0,3,1,5,0,0,0,0,0,0,1,0,8,9,17
2018-12-05,228,01,1 of 2,26044,Chico,,"Coniacian, Campanian",0.58,,0.15,0.35,0.1,0.03,22,0,1,0,0,0,0,0,19,0,0,0,0,0,0,0,0,1,2,0
2018-12-05,228,01,2 of 2,26044,Chico,,"Coniacian, Campanian",0.25,,,0.12,0.33,0.02,9,0,1,0,0,0,0,0,7,0,0,0,0,0,0,0,0,2,0,0
2018-12-18,228,02,1 of 4,10837,Chico,,"Coniacian, Santonian, Campanian",1.0,,0.33,0.33,0.1,0.07,31,0,1,0,0,0,0,0,28,0,0,1,0,0,0,0,0,6,6,7
2018-12-18,228,02,2 of 4,"10835, 10834",Chico,,"Coniacian, Santonian, Campanian",0.84,,0.15,0.53,0.1,0.15,37,0,1,2,1,0,2,1,20,0,0,0,0,0,0,0,0,3,7,18
2018-12-18,228,02,3 of 4,10835,Chico,,"Coniacian, Santonian, Campanian",0.66,,0.25,0.5,0.1,0.07,28,0,0,2,1,0,2,2,13,0,0,0,2,0,1,0,0,7,2,6
2018-12-18,228,02,4 of 4,10834,Chico,,"Coniacian, Santonian, Campanian",0.58,,0.18,0.4,0.1,0.12,24,2,1,2,1,0,3,3,8,2,1,2,0,1,1,0,0,6,2,6
2018-12-19,228,03,1 of 4,10836,Chico,,"Coniacian, Santonian, Campanian",0.33,,,0.08,0.03,,7,0,0,0,0,0,0,0,0,0,2,1,0,0,0,0,0,0,0,0
2018-12-19,228,03,2 of 4,24224,Chico,,"Coniacian, Santonian, Campanian",0.84,,0.33,0.33,0.1,0.07,26,0,0,0,0,0,0,2,20,0,0,0,0,0,0,0,0,5,2,11
2018-12-19,228,03,3 of 4,10836,Chico,,"Coniacian, Santonian, Campanian",0.75,,0.15,0.33,0.15,0.1,40,0,1,0,0,0,0,0,36,0,0,0,0,0,0,0,0,14,8,11
2018-12-19,228,03,4 of 4,24224,Chico,,"Coniacian, Santonian, Campanian",0.5,,0.08,0.15,0.1,0.05,36,0,3,0,0,0,0,0,26,0,0,0,0,0,1,0,0,2,4,7
2018-12-19,228,04,1 of 2,26046,Chico,,Campanian,0.66,,,0.15,0.05,,23,0,1,0,0,0,0,0,23,0,0,0,0,0,0,0,0,0,0,0
2018-12-19,228,04,1 of 2,26046,Chico,,Campanian,0.33,,,0.33,0.1,,45,0,1,0,0,0,0,0,45,0,0,0,0,0,0,0,0,0,0,0
2018-12-19,228,05,1 of 2,26046,Chico,,Campanian,0.15,,,0.08,0.03,,10,0,0,0,0,0,0,0,10,0,0,0,0,0,0,0,0,0,0,0
2018-12-19,228,05,2 of 2,26046,Chico,,Campanian,0.58,,0.08,0.25,0.1,0.03,35,0,0,0,0,0,0,0,31,0,0,0,0,0,1,0,0,5,2,3
2018-12-19,228,06,1 of 2,26045,Chico,,"Coniacian, Campanian",0.33,,,0.1,0.07,,19,0,1,0,0,0,0,0,19,0,0,0,0,0,0,0,0,0,0,0
2018-12-19,228,06,2 of 2,26045,Chico,,"Coniacian, Campanian",0.33,,0.03,0.15,0.1,0.03,22,0,2,0,0,0,0,0,22,0,0,0,0,0,0,0,0,2,1,1
2018-12-13,228,07,1 of 4,23637,Chico,,"Santonian, Campanian",0.66,,,0.33,0.08,,32,0,0,0,0,0,0,0,32,0,0,0,0,0,0,0,0,0,0,0
2018-12-13,228,07,2 of 4,23637,Chico,,"Santonian, Campanian",0.58,,,0.58,0.15,,39,0,0,0,0,0,0,0,39,0,0,0,0,0,0,0,0,0,0,0
2018-12-13,228,07,3 of 4,23697,Chico,,"Santonian, Campanian",0.58,,,0.45,0.15,,41,0,0,0,0,0,0,0,41,0,0,0,0,0,0,0,0,0,0,0
2018-12-13,228,07,4 of 4,23637,Chico,,"Santonian, Campanian",0.58,,,0.33,0.1,,22,0,0,0,0,0,0,0,22,0,0,0,0,0,0,0,0,0,0,0
2018-12-13,228,08,1 of 3,23637,Chico,,"Santonian, Campanian",0.55,,,0.25,0.08,,18,0,3,0,0,0,0,0,18,0,0,0,0,0,0,0,0,0,0,0
2018-12-13,228,08,1 of 3,23637,Chico,,"Santonian, Campanian",0.5,,,0.25,0.1,,24,0,0,0,0,0,0,0,24,0,0,0,0,0,0,0,0,0,0,0
2018-12-07,228,09,1 of 4,23637,Chico,,"Santonian, Campanian",0.75,,0.75,0.52,1.0,0.1,27,4,3,2,0,0,0,1,7,4,0,0,0,0,1,0,0,15,5,7
2018-12-07,228,09,1 of 4,23637,Chico,,"Santonian, Campanian",0.66,,0.45,0.45,1.0,0.08,25,0,0,7,2,0,2,0,3,0,0,0,0,0,1,0,0,10,2,5
2018-12-07,228,09,1 of 4,"23637, 23636",Chico,,"Santonian, Campanian",0.84,,0.66,0.6,1.0,0.12,34,1,3,0,0,0,0,0,0,1,0,0,1,0,0,0,0,9,6,12
2018-12-05,228,09,1 of 4,23636,Chico,,"Santonian, Campanian",0.66,,0.25,0.6,1.0,0.15,38,0,0,2,0,0,2,1,11,0,0,1,1,0,0,0,0,12,5,9
2018-12-08,228,10,1 of 4,"23639, 23640",Chico,,"Santonian, Campanian",0.92,,1.0,0.75,0.1,0.1,32,2,1,0,0,0,5,2,3,2,0,0,0,0,1,0,0,11,5,17
2018-12-08,228,10,2 of 4,23641,Chico,,"Santonian, Campanian",0.84,,0.33,0.58,0.1,0.15,39,0,2,6,0,0,1,4,9,0,1,0,0,0,0,0,0,12,9,15
2018-12-08,228,10,3 of 4,23639,Chico,,"Santonian, Campanian",0.84,,0.15,0.66,0.15,0.15,44,1,2,8,0,0,5,4,3,1,0,0,1,0,0,0,0,15,11,13
2018-12-08,228,10,4 of 4,23638,Chico,,"Santonian, Campanian",0.66,,0.1,0.5,0.1,0.08,31,4,1,5,0,0,5,2,5,4,0,1,0,0,0,0,0,8,7,14
2018-12-11,228,11,1 of 4,23643,Chico,,"Santonian, Campanian",0.84,,0.33,0.44,0.1,0.08,37,0,1,7,2,0,7,1,8,1,0,1,0,0,0,0,0,16,8,4
2018-12-11,228,11,2 of 4,23642,Chico,,"Santonian, Campanian",0.75,,0.25,0.5,0.1,0.5,29,0,1,4,0,0,1,1,2,0,0,0,0,0,1,0,0,11,5,7
2018-12-11,228,11,3 of 4,"23642, 23643",Chico,,"Santonian, Campanian",0.75,,0.33,0.33,0.12,0.1,35,0,14,0,0,0,1,3,1,0,0,0,2,0,0,0,0,11,2,15
2018-12-11,228,11,4 of 4,23643,Chico,,"Santonian, Campanian",0.84,,0.25,1.0,0.1,1.0,36,1,1,4,1,0,4,0,4,1,1,0,1,0,0,1,0,11,9,10
2018-12-12,228,12,1 of 4,"23644, 23645",Chico,,"Santonian, Campanian",0.66,,0.15,0.5,0.12,0.1,47,0,2,5,0,0,7,1,1,0,1,0,0,0,0,0,0,9,6,28
2018-12-11,228,12,2 of 4,"23646, 23647",Chico,,"Santonian, Campanian",0.5,,0.25,0.52,0.1,0.12,32,0,1,4,0,0,2,1,1,0,0,0,0,0,0,0,0,7,3,11
2018-12-12,228,12,3 of 4,23648,Chico,,"Santonian, Campanian",0.66,,0.25,0.33,0.1,0.05,28,0,0,4,0,0,2,1,1,0,1,0,0,0,1,0,0,9,3,7
2018-12-12,228,12,4 of 4,23648,Chico,,"Santonian, Campanian",0.66,,0.15,0.33,0.1,0.08,21,1,3,3,0,0,2,1,0,0,0,0,0,0,1,0,0,7,1,10
2017-11-15,233,07,1 of 1,6965,Chatsworth,Dayton Canyon,Campanian,0.5,,,0.25,,,9,1,0,0,0,0,0,0,14,0,0,0,0,1,1,0,0,0,0,0
2017-11-21,233,09,1 of 1,,Chatsworth,,Campanian,0.25,,,,,,9,0,0,0,0,0,0,0,9,0,0,0,0,3,6,0,0,0,0,0
2017-11-17,233,09,1 of 2,6965,Chatsworth,Dayton Canyon,Campanian,1.25,,0.02,0.5,0.22,,15,0,0,0,0,0,0,0,21,0,0,0,2,2,2,0,0,1,0,1
2017-11-11,233,11,1 of 1,10715,Chatsworth,Dayton Canyon,Campanian,1.5,0.07,,0.16,,,9,2,0,11,11,0,0,0,0,0,0,0,0,2,0,0,9,0,9,0
2017-10-31,233,11,1 of 2,10715,Chatsworth,Dayton Canyon,Campanian,0.25,0.1,0.01,0.1,,,9,0,0,8,0,1,0,0,0,0,1,1,0,1,5,0,0,0,0,1
2017-11-14,233,12,1 of 1,6965,Chatsworth,Dayton Canyon,Campanian,2.0,0.09,,0.09,,,13,1,0,0,0,0,0,0,14,0,0,0,1,1,1,0,0,0,0,0
2017-10-31,233,12,1 of 3,10715,Chatsworth,Dayton Canyon,Campanian,1.0,0.24,0.1,0.25,,0.1,14,3,0,1,0,0,1,0,3,2,1,1,1,1,1,1,0,4,2,5
2017-11-22,234,01,1 of 1,26994,Chatsworth,,Campanian,7.0,,,1.7,1.0,0.1,66,6,0,0,0,0,0,0,72,0,3,0,2,0,0,1,0,6,3,0
2017-11-15,234,01,1 of 3,"26994, 10714, 10713",Chatsworth,,Campanian,3.25,0.1,0.16,1.25,,0.5,31,21,0,2,0,1,3,0,11,20,2,0,0,0,0,1,0,16,9,5
2017-09-15,234,01,1 of 4,10711,Chatsworth,,Campanian,3.0,0.25,0.25,1.0,0.25,0.25,32,4,0,2,1,1,1,0,5,4,0,5,1,0,0,1,0,17,3,3
2017-08-14,234,01,1 of 4,10711,Chatsworth,,Campanian,3.0,0.27,0.24,1.0,0.33,0.32,32,4,5,2,1,1,1,0,5,4,0,5,1,0,0,1,0,17,3,3
2017-09-15,234,01,2 of 4,10711,Chatsworth,,Campanian,1.25,0.25,0.25,0.5,0.5,0.25,22,1,0,3,1,0,2,0,0,1,2,0,0,2,0,0,0,5,3,4
2017-09-26,234,01,3 of 4,10711,Chatsworth,,Campanian,0.75,0.25,0.12,1.12,0.6,0.25,13,1,0,0,1,0,0,0,3,1,0,0,0,0,0,0,0,7,1,3
2018-03-22,234,02,1 of 4,10709,Chatsworth,,Campanian,1.75,,0.5,0.8,0.6,,26,5,0,0,2,0,1,0,3,5,0,0,1,0,0,2,0,7,7,9
2017-11-21,234,02,3 of 4,10708,Chatsworth,Dayton Canyon,Campanian,1.5,0.5,0.08,3.0,0.4,0.33,36,4,0,4,1,1,2,1,4,4,0,2,0,1,0,1,0,8,5,16
2017-11-29,234,02,2 of 4,"10706, 10707",Chatsworth,Dayton Canyon,Campanian,1.75,0.08,0.15,0.75,0.18,0.4,33,7,0,6,0,2,3,0,0,6,1,0,0,0,0,8,0,9,5,9
2017-10-06,234,02,4 of 4,"10708, 10709",Chatsworth,,Campanian,,0.12,,0.5,0.12,,,,,,,,,,,,,,,,,,,,,
2018-03-22,234,03,1 of 2,22336,Chatsworth,Dayton Canyon,Campanian,1.5,0.34,0.1,0.7,,0.25,21,1,0,2,1,0,1,0,3,1,1,1,1,0,0,2,0,6,1,5
2017-11-09,234,03,1 of 3,22336,Chatsworth,Dayton Canyon,Campanian,0.5,0.39,0.016,0.24,,0.016,7,1,0,4,0,0,0,0,1,1,0,0,1,1,4,0,1,0,0,0
2017-12-01,234,04,1 of 3,6965,Chatsworth,,Campanian,1.75,0.33,0.11,0.5,0.6,0.11,27,12,0,0,1,0,0,0,23,2,4,2,2,3,0,2,0,6,5,2
2017-11-16,234,05,1 of 3,6965,Chatsworth,Dayton Canyon,Campanian,3.0,,0.02,2.25,0.25,0.16,16,3,0,0,1,0,0,0,9,2,0,0,2,1,1,2,0,4,1,2
2017-10-30,234,06,1 of 3,6965,Chatsworth,,Campanian,2.25,0.67,0.17,0.67,,0.25,36,7,0,0,1,0,0,0,2,8,0,1,1,0,0,3,0,10,9,9
2017-08-25,234,08,1 of 2,,Chatsworth,,Campanian,2.0,,0.5,2.0,0.5,0.75,60,2,0,1,0,0,2,0,0,0,0,0,0,0,0,0,0,15,9,27
2018-05-03,234,11,1 of 2,27001,Tuna Canyon,Santa Ynez Canyon,Campanian,2.0,,0.17,0.75,0.17,0.08,35,2,1,10,1,1,3,0,2,1,2,3,0,0,0,0,0,8,5,1
2018-05-08,234,11,2 of 2,"27001, 27016",Tuna Canyon,Santa Ynez Canyon,Campanian,,,0.03,0.53,0.17,0.03,,,,,,,,,,,,,,,,,,,,
2018-05-15,235,11,1 of 3,26019,Tuna Canyon,Member D @ Rivas Canyon,Campanian,0.75,,0.17,0.3,0.17,0.1,24,2,7,0,0,0,0,0,9,2,3,0,2,0,1,0,0,4,2,0
2018-05-15,235,11,2 of 2,26019,Tuna Canyon,Member D @ Rivas Canyon,Campanian,0.5,,0.08,0.25,0.15,0.12,12,0,0,0,0,0,0,0,5,0,0,0,1,1,1,0,0,2,0,1
2018-05-11,237,03,2 of 2,"8201, 8205",Tuna Canyon,Santa Ynez Canyon,Campanian,1.5,,0.17,0.5,0.17,0.25,29,0,5,0,0,0,0,1,27,0,0,1,1,1,1,0,0,3,2,11
2018-02-22,237,10,1 of 3,"10717, 10718",Ladd,Holz Shale,"Turonian, Campanian",3.0,0.34,0.03,0.48,0.24,0.1,25,4,1,7,4,3,0,0,5,4,1,0,1,0,0,0,0,8,4,4
2018-03-02,237,10,2 of 2,10722,Ladd,Holz Shale,"Turonian, Campanian",2.5,,0.04,0.6,0.33,0.04,20,4,2,7,3,0,0,0,9,4,1,1,1,0,0,0,0,8,1,4
2018-02-23,237,10,2 of 3,"10720, 10721",Ladd,Holz Shale,"Turonian, Campanian",1.5,,0.03,0.6,0.17,0.1,20,5,0,5,1,0,2,0,3,4,2,1,0,0,0,0,0,6,3,6
2018-03-30,237,11,1 of 2,10092,Ladd,Holz Shale,"Turonian, Campanian",0.5,,0.03,0.25,0.08,0.03,11,1,0,1,0,2,0,0,1,1,0,0,0,0,1,0,0,5,2,1
2018-04-07,237,11,1 of 3,10089,Ladd,Holz Shale,"Turonian, Campanian",1.0,,0.03,0.32,0.1,0.08,19,0,2,1,2,0,0,0,11,1,1,0,0,0,0,0,0,9,0,5
2018-04-10,237,12,1 of 2,15878,Ladd,Holz Shale,"Turonian, Campanian",1.25,,0.33,0.4,0.17,0.08,28,2,1,0,0,0,0,0,30,0,1,0,0,1,0,0,0,7,0,1
2018-04-03,237,12,1 of 4,"10084, 29178",Ladd,Holz Shale,"Turonian, Campanian",0.5,,0.08,0.25,0.09,0.016,12,0,4,0,0,0,0,0,0,0,1,1,0,0,0,0,0,0,1,1
2018-04-10,237,12,2 of 2,10086,Ladd,Holz Shale,"Turonian, Campanian",0.75,,0.017,0.39,0.1,0.017,19,2,1,4,1,0,0,1,3,2,1,0,2,0,1,0,0,1,1,0
2018-04-03,237,12,2 of 4,"10087, 10088, 10085, 29179",Ladd,Holz Shale,"Turonian, Campanian",1.4,,0.17,0.8,0.16,0.04,29,1,1,6,1,0,0,0,13,0,0,1,0,0,0,0,0,6,0,6
2018-04-17,238,07,2 of 4,8173,Ladd,Upper Holz Shale,Campanian,1.0,,0.016,0.3,0.25,0.016,24,1,1,0,0,0,0,0,23,1,0,0,0,0,0,0,0,1,0,0
2018-04-11,238,11,1 of 3,"21526, 21527, 21528, 21531, 21533, 20666",Ladd,,Campanian,1.25,,0.03,0.5,,0.03,19,0,4,5,2,0,0,0,2,0,0,3,2,0,0,0,0,4,0,1
2018-04-12,238,11,2 of 3,"21536, 158",Ladd,Holz Shale,Campanian,5.0,,0.017,0.26,0.05,0.03,9,2,0,0,0,0,1,0,2,2,0,0,0,0,0,0,0,2,0,1
2018-04-12,238,11,3 of 3,158,Ladd,Holz Shale,Campanian,2.0,,0.09,0.58,0.14,0.03,24,0,3,0,0,0,0,1,23,0,0,0,0,2,0,0,0,6,0,0
2018-04-12,238,12,1 of 3,22949,Ladd,Upper Holz Shale,Campanian,0.25,,0.017,0.24,0.03,0.08,8,0,0,0,0,0,0,0,8,0,0,0,0,0,2,0,0,0,3,0
2018-04-12,238,12,2 of 3,22949,Ladd,Upper Holz Shale,Campanian,1.0,,,0.29,0.33,,25,1,0,0,0,0,0,0,25,0,1,0,0,1,3,0,0,0,0,0
2018-04-13,238,12,3 of 3,22949,Ladd,Upper Holz Shale,Campanian,2.5,,0.33,0.45,0.33,0.08,34,0,7,1,0,0,0,0,33,0,0,0,0,0,0,0,0,12,1,7
2017-10-10,240,12,1 of 4,10105,Williams,Pleasants Sandstone,Campanian,1.25,0.16,0.1,0.75,0.1,0.1,10,2,0,3,0,1,0,1,0,1,2,0,2,1,2,0,0,3,0,1
2017-10-11,240,12,2 of 4,10105,Williams,Pleasants Sandstone,Campanian,2.5,0.16,0.25,0.66,0.25,0.25,29,5,0,0,1,0,1,0,6,2,1,1,1,1,0,3,0,6,7,6
2017-10-11,240,12,3 of 4,10105,Williams,Pleasants Sandstone,Campanian,2.0,0.16,0.25,0.4,0.25,0.25,29,4,0,2,0,0,1,0,3,2,1,0,1,0,1,3,0,4,4,12
2017-10-12,240,12,4 of 4,10105,Williams,Pleasants Sandstone,Campanian,2.75,0.1,0.25,0.5,0.16,0.1,16,0,0,1,0,0,0,0,16,0,1,2,1,2,3,1,0,2,1,1
2018-04-18,241,03,1 of 4,27200,Williams,Schulz Ranch,Campanian,1.25,,0.08,0.32,,0.03,20,2,2,4,2,1,0,0,6,1,1,0,1,0,2,0,0,3,3,1
2018-04-19,241,03,2 of 4,27200,Williams,Schulz Ranch,Campanian,0.8,,0.016,,0.08,0.016,10,1,0,0,0,0,0,0,5,1,2,0,1,0,2,0,0,0,2,0
2018-04-19,241,03,3 of 4,"10719, 27199",Williams,,Campanian,1.75,,0.16,0.51,0.5,0.5,31,5,7,7,2,0,0,1,9,4,1,1,0,0,0,0,0,5,5,7
2017-10-11,241,05,1 of 3,10877,Williams,Pleasants Sandstone,Campanian,2.0,0.5,0.33,1.0,0.16,0.16,30,3,0,6,0,2,3,0,8,4,0,1,1,1,1,2,0,6,3,11
2018-05-12,241,08,1 of 2,22415,Williams,,Campanian,0.75,0.017,0.08,0.25,0.08,0.017,14,1,1,0,0,0,0,0,5,0,0,1,5,1,2,0,0,1,0,0
2018-05-12,241,08,2 of 2,22415,Williams,,Campanian,0.33,,,0.09,0.08,,13,0,0,8,0,0,0,0,5,0,0,0,0,0,1,0,0,0,0,0
2018-05-11,241,09,1 of 2,22415,Williams,Pleasants Sandstone,Campanian,1.0,,0.08,0.33,0.25,,13,1,2,0,0,0,0,0,5,1,1,2,1,2,3,0,0,2,0,0
2018-05-12,241,09,1 of 2,22415,Williams,,Campanian,0.25,,,0.07,0.08,,6,0,0,0,0,0,0,0,0,0,0,0,0,0,6,0,0,0,0,0
2018-05-11,241,09,2 of 2,22415,Williams,Pleasants Sandstone,Campanian,1.0,,,0.2,0.08,,25,9,0,0,0,0,0,0,10,0,1,1,0,11,2,0,0,0,0,0
2018-05-11,241,09,2 of 2,22415,Williams,,Campanian,,,,0.1,0.07,,,,,,,,,,,,,,,,,,,,,
2018-05-12,241,09,2 of 2,22415,Williams,,Campanian,0.33,,,0.05,0.03,,4,0,0,0,0,0,0,0,0,0,0,0,0,0,0,0,2,0,0,0
2018-05-12,241,11,1 of 3,22415,Williams,Pleasants Sandstone,Campanian,5.0,,,0.25,0.17,,23,0,0,0,2,0,0,0,10,0,0,0,1,2,3,0,0,0,0,0
2018-05-11,241,11,2 of 3,22415,Williams,Pleasants Sandstone,Campanian,1.5,,0.08,0.55,0.17,0.04,18,0,1,5,0,0,0,0,11,0,1,0,1,0,4,0,0,2,0,3
2018-05-12,241,11,3 of 3,22415,Williams,,Campanian,0.6,,0.08,0.23,0.08,0.03,23,0,1,5,1,0,0,0,6,0,4,2,0,0,3,0,0,2,0,2
2018-05-12,241,12,1 of 2,22415,Williams,Pleasants Sandstone,Campanian,1.0,,0.016,0.25,0.03,0.016,12,1,0,0,0,0,1,2,6,1,1,2,2,3,2,0,0,0,0,1
2018-05-12,241,12,1 of 3,22415,Williams,Pleasants Sandstone,Campanian,1.25,,0.08,0.3,0.08,0.03,25,0,1,0,2,0,1,1,13,0,1,0,1,2,1,0,0,0,2,3
2018-05-15,241,12,2 of 2,22415,Williams,Pleasants Sandstone,Campanian,0.25,,,0.12,0.03,,5,1,1,0,0,0,0,0,5,0,0,1,1,0,0,0,0,0,0,0
2018-03-04,243,03,1 of 2,"10934, 17871",Ladd,,"Turonian, Coniacian",0.16,,,0.04,0.016,,4,1,1,0,0,0,0,0,1,0,0,0,0,0,0,0,0,0,0,0
2018-03-04,243,03,2 of 2,10934,Ladd,,"Turonian, Coniacian",0.33,,0.016,0.22,0.1,0.03,17,1,0,1,0,0,0,0,7,0,1,0,0,0,1,0,0,3,0,0
2018-11-30,244,05,1 of 2,15789,Chico,,"Santonian, Campanian",0.5,,,0.45,0.12,,24,0,0,0,0,0,0,0,24,0,0,0,0,0,0,0,0,0,0,0
2018-11-30,244,05,2 of 2,"15790, 15789",Chico,,"Santonian, Campanian",0.15,,,0.15,0.08,,12,0,1,0,0,0,0,0,12,0,0,0,0,0,0,0,0,0,0,0
2018-11-30,244,06,2 of 3,15792,Chico,,"Santonian, Campanian",0.75,,,0.75,0.08,0.05,37,0,4,0,0,0,0,0,34,0,0,0,0,0,0,0,0,10,2,1
2018-11-30,244,06,3 of 3,15792,Chico,,"Santonian, Campanian",0.75,,,0.5,0.15,,30,0,0,0,0,0,0,0,30,0,0,0,0,0,0,0,0,0,0,0
2018-11-30,244,06,1 of 3,15792,Chico,,"Santonian, Campanian",0.75,,,0.5,0.15,,30,0,0,0,0,0,0,0,30,0,0,0,0,0,0,0,0,0,0,0
2017-09-27,245,02,1 of 3,"10709, 10710",Chatsworth,,Campanian,1.25,0.75,0.25,0.5,0.5,0.25,23,0,0,5,0,0,5,0,2,0,1,0,2,0,3,0,0,4,6,3
2017-09-27,245,02,2 of 3,10710,Chatsworth,,Campanian,1.25,0.5,0.25,0.5,0.5,0.25,22,1,0,3,0,0,1,0,5,1,5,3,1,0,0,1,0,5,1,2
2017-09-27,245,02,3 of 3,10709,Chatsworth,,Campanian,0.75,0.5,0.25,0.25,0.5,0.25,14,0,0,6,0,0,0,0,0,2,1,1,0,2,0,0,0,0,1,0
2018-01-31,255,05,1 of 4,"21190, 21193",San Francisquito,,Maastrichtian,1.5,0.08,0.03,0.75,0.25,0.017,19,2,0,1,4,0,0,1,7,0,1,0,1,2,1,1,0,1,0,1
2018-01-09,255,08,1 of 3,10663,Moreno,Tierra Loma Sandstone,Maastrichtian,1.0,0.33,0.03,0.48,0.25,0.08,21,4,10,2,0,0,2,1,5,4,2,1,2,0,1,1,0,4,0,1
2018-01-11,255,08,2 of 3,10664,Moreno,Tierra Loma Sandstone,Maastrichtian,1.0,0.08,0.17,0.39,0.1,0.02,17,1,4,0,0,1,1,3,7,0,2,1,0,1,0,0,0,1,0,6
2018-01-11,255,08,3 of 3,"10662, 10665",Moreno,Tierra Loma Sandstone,Maastrichtian,0.75,,0.25,0.27,0.17,0.15,18,0,1,4,2,0,6,0,4,1,0,1,0,0,0,0,0,3,0,7
2018-01-04,255,09,1 of 4,26345,Moreno,Tierra Loma Sandstone,Maastrichtian,2.0,0.38,0.14,0.51,0.24,0.18,28,4,11,4,3,0,2,0,9,1,0,1,1,0,2,1,0,15,0,5
2018-01-06,255,09,2 of 4,26345,Moreno,Tierra Loma Sandstone,Maastrichtian,0.33,0.17,0.09,0.15,,0.16,8,1,0,1,0,0,0,1,4,0,0,0,0,0,0,3,0,2,1,3
2018-01-06,255,09,3 of 4,26343,Moreno,Tierra Loma Sandstone,Maastrichtian,1.0,0.18,0.07,0.32,0.1,0.07,14,2,6,7,0,0,2,1,2,0,2,2,0,0,1,2,0,6,0,0
2018-01-06,255,09,4 of 4,"10666, 10670",Moreno,Tierra Loma Sandstone,Maastrichtian,1.0,0.27,0.1,0.35,0.17,0.15,18,3,8,3,3,0,5,2,3,3,0,0,2,0,2,1,0,4,0,4
2018-01-04,255,10,1 of 2,"10667, 10668",Moreno,Tierra Loma Sandstone,Maastrichtian,2.25,0.77,0.15,0.48,0.18,0.16,22,3,0,6,0,0,3,3,7,3,0,0,2,0,1,2,0,7,0,12
2018-01-04,255,10,2 of 2,"10661, 10669",Moreno,,Maastrichtian,0.75,0.14,0.08,0.34,0.14,0.07,15,0,1,0,1,0,2,2,7,0,2,0,1,0,0,3,0,5,0,1
2017-10-21,255,11,2 of 3,"26347, 23648",Moreno,Mercy Sandstone,Maastrichtian,1.5,0.33,0.2,1.0,0.5,0.16,21,3,12,0,0,0,0,0,0,0,1,1,0,1,0,0,0,6,0,6
2017-12-22,255,11,3 of 3,8147,Moreno,Tierra Loma Sandstone,Maastrichtian,3.5,0.4,0.16,1.25,0.33,0.27,29,6,1,2,0,0,3,0,22,6,0,1,1,0,0,4,0,14,2,10
2017-12-19,255,12,1 of 3,10679,Moreno,Tierra Loma Sandstone,Maastrichtian,0.75,0.07,0.07,0.26,,0.16,11,2,4,0,0,0,2,0,2,1,0,1,1,0,4,0,0,3,0,4
2017-12-20,255,12,2 of 3,"10682, 10681, 10926",Moreno,Tierra Loma Sandstone,Maastrichtian,2.0,0.17,0.09,0.65,,0.25,20,3,8,4,0,0,1,4,5,1,2,0,0,0,0,1,0,8,0,4
2017-12-20,255,12,3 of 3,10680,Moreno,Tierra Loma Sandstone,Maastrichtian,1.5,0.26,0.14,0.39,,0.25,19,5,11,8,0,0,1,2,6,3,1,0,1,0,1,2,0,7,3,5
2018-02-07,256,04,1 of 2,21578,San Francisquito,,Maastrichtian,0.5,0.34,0.08,0.2,0.09,0.017,10,1,1,0,0,0,0,1,4,0,1,0,0,0,3,0,0,2,0,0
2018-01-31,256,05,1 of 2,"21389, 21815",San Francisquito,,Maastrichtian,,0.2,0.3,0.6,0.25,0.17,24,1,1,2,1,0,4,1,7,0,2,1,1,0,2,0,0,7,1,0
2018-01-17,256,07,1 of 3,26346,Moreno,Tierra Loma Sandstone,Maastrichtian,2.0,,0.33,0.5,0.17,0.25,33,1,1,0,0,0,2,3,17,1,0,0,0,0,0,1,0,9,0,13
2018-01-17,256,07,2 of 3,26536,Moreno,,Maastrichtian,1.0,,0.01,0.33,0.1,0.01,18,0,0,0,0,0,0,0,18,0,7,1,2,0,0,0,0,1,0,0
2018-01-18,256,07,3 of 3,26356,Moreno,Quinto B,Maastrichtian,0.5,,0.08,0.25,0.04,0.04,11,0,1,0,0,0,0,0,11,0,0,0,0,0,0,0,0,3,0,2
2018-01-18,256,08,1 of 3,22661,Moreno,Quinto B,Maastrichtian,0.5,,,0.08,0.08,,8,1,0,0,0,0,0,0,0,0,1,0,0,0,8,0,0,0,0,0
2018-01-18,256,08,2 of 3,22661,Moreno,Quinto B,Maastrichtian,0.5,0.08,,0.17,0.08,,9,1,0,0,0,0,0,0,1,0,1,0,0,0,6,0,0,0,0,0
2018-01-18,256,08,3 of 3,,Moreno,,Maastrichtian,3.0,,0.08,0.8,0.18,0.07,25,3,0,0,0,0,0,0,20,0,1,2,1,0,1,1,0,7,0,2
2018-01-12,256,09,1 of 4,10685,Moreno,Los Banos Creek,Maastrichtian,0.5,0.1,0.08,0.17,0.1,0.07,11,1,0,0,8,0,0,0,3,1,1,1,0,1,5,0,5,1,0,2
2018-01-19,256,09,1 of 4,"10674, 10675",Moreno,Quinto B,Maastrichtian,2.0,0.18,,0.8,0.25,0.82,24,0,0,0,2,0,2,3,15,1,0,0,0,1,1,1,0,3,0,9
2018-01-24,256,09,2 of 4,"10672, 10673",Moreno,Quinto B,Maastrichtian,1.0,0.17,0.03,0.4,0.08,0.03,10,1,0,2,5,0,0,0,3,0,1,1,0,1,2,0,0,2,0,1
2018-01-25,256,09,3 of 4,10678,Moreno,Quinto B,Maastrichtian,0.75,0.15,,0.3,0.1,0.18,11,1,0,2,4,0,2,1,4,1,0,0,1,1,1,0,0,2,0,2
2018-01-26,256,09,4 of 4,10676,Moreno,,Maastrichtian,0.75,0.16,0.03,0.28,0.1,0.3,10,0,0,0,3,0,1,2,3,0,0,0,0,1,2,0,0,2,0,3
2018-01-17,256,09,4 of 4,26638,Moreno,Quinto B,Maastrichtian,0.5,,0.017,0.17,0.04,0.017,7,0,0,0,0,0,0,0,17,0,0,0,2,0,2,0,0,1,0,0
2018-01-11,256,10,2 of 4,10685,Moreno,Quinto B,Maastrichtian,1.5,0.16,0.17,0.4,0.16,0.1,16,4,0,2,1,1,0,1,3,2,2,1,1,2,1,0,0,6,0,5
2018-01-16,256,10,3 of 4,26342,Moreno,Quinto B,Maastrichtian,2.0,,0.25,0.6,0.1,0.25,25,4,1,2,0,0,0,2,17,4,0,0,1,1,0,0,0,4,0,12
2018-01-26,256,11,1 of 2,"26341, 26347",Moreno,Mercy Sandstone,Maastrichtian,1.75,0.08,0.07,0.4,0.17,0.08,17,2,1,2,1,0,5,1,9,1,1,0,0,1,1,0,0,3,0,5
2018-01-26,256,11,2 of 3,27176,Moreno,,Maastrichtian,1.25,,0.03,0.8,0.16,0.08,20,1,7,0,0,0,1,1,15,0,3,0,0,0,0,0,0,2,0,3
2018-01-26,256,12,1 of 3,8184,Moreno,Garzas Sandstone,Maastrichtian,0.75,,0.03,0.4,0.1,0.07,11,1,0,0,0,0,0,0,11,1,2,0,0,0,1,0,0,4,0,2
2018-01-27,256,12,2 of 3,"10694, 10683",Moreno,,Maastrichtian,0.52,0.03,0.03,0.25,0.08,0.03,8,1,1,0,2,0,1,1,5,1,0,0,1,0,1,0,0,0,0,3
2018-01-27,256,12,3 of 3,"8152, 8153",Moreno,,Maastrichtian,0.75,0.07,0.017,0.17,0.07,0.03,14,1,0,0,0,0,0,0,15,0,1,0,0,0,1,0,0,5,0,1
2018-04-26,260,10,1 of 2,6248,Jalama,,Campanian,1.1,,,,0.1,0.04,12,6,2,0,0,0,1,2,4,5,1,0,1,0,1,0,0,2,1,2
2018-04-25,260,10,2 of 2,6248,Jalama,,Campanian,0.5,,,0.08,0.08,,5,1,0,0,6,0,0,0,0,0,0,0,1,1,4,0,0,0,0,0
2018-04-25,260,11,1 of 3,6243,Jalama,,Campanian,1.5,,0.33,0.36,0.33,0.08,25,3,2,3,1,0,2,6,6,2,3,0,2,0,0,0,0,3,5,4
2018-04-25,260,11,2 of 3,6243,Jalama,,Campanian,0.5,0.2,0.016,0.1,0.07,0.016,6,2,0,0,0,0,0,0,0,1,0,1,0,0,6,0,0,0,1,0
2018-04-26,262,07,1 of 4,"24111, 24110",Jalama,,"Campanian, Maastrichtian",6.0,,0.3,0.55,1.6,0.17,35,11,9,5,0,2,4,4,9,13,6,1,1,0,0,0,0,11,4,13
2018-04-28,262,07,2 of 4,24111,Jalama,,"Campanian, Maastrichtian",,,0.08,0.2,0.25,0.08,,,,,,,,,,,,,,,,,,,,
2018-04-26,262,07,3 of 4,"24108, 24109, 24110, 24112",Jalama,,"Campanian, Maastrichtian",2.0,,0.2,1.0,0.33,0.5,42,4,3,3,9,2,5,15,5,4,2,1,0,0,0,0,0,11,7,10
2018-01-03,264,04,1 of 2,"26357, 26358",Moreno,,Maastrichtian,1.25,0.16,0.07,0.32,0.15,0.08,12,1,5,1,3,0,2,2,1,1,1,1,0,1,1,2,0,4,1,1
2017-12-13,264,04,1 of 3,"26351, 26352, 26353",Moreno,Garzas Sandstone,Maastrichtian,2.0,,0.08,0.5,,0.25,23,7,0,2,2,0,3,0,9,4,3,0,2,1,0,6,0,6,0,0
2017-12-15,264,07,1 of 2,"23814, 23812, 26469",Chatsworth,Lang Ranch,Maastrichtian,2.0,0.26,0.7,1.0,,0.25,28,7,0,4,0,0,5,1,0,7,1,0,0,1,0,2,0,10,2,17
2017-12-15,264,07,2 of 2,"23813, 23815",Chatsworth,Lang Ranch,Maastrichtian,3.0,1.0,1.1,1.0,,0.26,42,3,0,2,1,0,0,0,17,2,0,0,0,0,0,5,0,13,4,9
2017-12-21,265,11,1 of 3,"26344, 27170, 27171",Moreno,Tierra Loma Sandstone,Maastrichtian,2.0,0.18,0.09,0.29,,0.14,28,5,2,5,1,0,7,1,10,4,0,1,0,1,0,1,0,10,0,8
2018-09-16,274,01,1 of 2,1215,Rosario,Arroyo Santa Catarina,"Campanian, Maastrichtian",0.5,,,0.33,0.15,,17,0,0,2,2,0,1,0,9,0,0,0,0,0,0,0,0,0,0,0
2018-09-17,274,01,2 of 2,1215,Rosario,Arroyo Santa Catarina,"Campanian, Maastrichtian",0.33,,,0.08,0.15,,5,0,0,2,0,0,0,0,2,0,0,0,0,1,1,0,0,0,0,0
2018-09-17,274,02,1 of 2,"2852, 1474",Rosario,,"Campanian, Maastrichtian",2.0,,0.15,1.25,0.33,0.15,39,6,0,2,1,0,10,1,24,4,1,0,0,0,1,0,0,8,4,8
2018-08-01,274,02,1 of 3,2852,Rosario,Santa Catarina,"Campanian, Maastrichtian",2.0,,0.17,0.8,0.17,0.08,31,2,1,1,3,0,2,7,14,2,3,0,0,0,0,0,0,8,3,10
2018-08-22,274,02,2 of 2,2852,Rosario,Santa Catarina,"Campanian, Maastrichtian",1.0,,,0.4,0.09,,25,1,3,0,0,0,0,0,13,0,1,3,0,6,1,0,0,0,0,1
2018-10-09,274,03,1 of 2,2852,Rosario,Arroyo Santa Catarina,"Campanian, Maastrichtian",2.5,,0.07,0.5,0.33,0.15,40,2,1,1,0,0,1,0,35,1,0,1,1,4,0,0,0,3,4,5
2018-07-25,274,03,1 of 3,2853,Rosario,Santa Catarina,"Campanian, Maastrichtian",2.0,,0.08,0.75,0.5,0.09,31,3,1,1,0,2,1,4,11,0,1,1,0,0,0,0,0,7,3,9
2018-09-25,274,03,2 of 3,2852,Rosario,Arroyo Santa Catarina,"Campanian, Maastrichtian",3.0,,0.07,0.5,,0.45,42,6,1,0,0,1,1,19,24,5,1,0,0,3,0,0,0,2,6,8
2018-10-12,274,04,1 of 3,2855,Rosario,Santa Catarina Landing,"Campanian, Maastrichtian",3.0,,,0.66,0.2,,37,7,0,0,0,0,3,20,14,5,14,3,1,3,1,0,0,1,0,1
2018-10-12,274,04,1 of 3,2855,Rosario,,"Campanian, Maastrichtian",,,0.02,0.33,0.07,0.02,,,,,,,,,,,,,,,,,,,,
2018-10-12,274,04,1 of 3,2855,Rosario,,"Campanian, Maastrichtian",,,0.02,0.33,0.07,0.02,,,,,,,,,,,,,,,,,,,,
2018-07-26,274,06,1 of 1,2858,Rosario,Arroyo Santa Catarina,"Campanian, Maastrichtian",0.5,,0.016,0.33,0.25,0.016,14,1,1,4,1,0,3,0,8,0,0,0,0,5,1,0,0,1,0,0
2018-07-25,276,01,1 of 2,"5975, 5979",Rosario,Arroyo Santa Catarina,"Campanian, Maastrichtian",2.0,,0.08,1.0,0.5,0.06,43,5,0,5,0,1,7,6,23,3,0,0,0,0,0,0,0,3,1,6
2018-07-26,276,01,2 of 2,"2860, 2868, 2859",Rosario,Santa Catarina,"Campanian, Maastrichtian",1.0,,0.016,0.34,0.25,0.016,14,2,0,2,2,2,1,2,2,1,1,0,1,0,0,0,0,1,0,0
2018-05-22,183,01,1 of 1,,,LouElla Spms,,,,,,0.25,,0,13,1,6,1,2,0,1,0,4,3,2,1,1,0,0,0,2,1,2
2018-10-27,Taxonomic,,,,,Inoceramidae Systematic Collection,,0.5,,,0.5,0.08,,5,5,0,0,0,0,1,0,2,1,2,0,0,0,1,0,0,0,0,0
2018-10-27,Taxonomic,,,,,Inoceramidae Systematic Collection,,0.33,,,0.25,0.15,,0,8,0,0,0,0,1,0,0,0,0,0,2,2,4,0,0,0,0,0
2018-10-27,Taxonomic,,,,,Inoceramidae Systematic Collection,,0.66,,0.03,0.25,0.15,0.03,10,19,0,1,0,0,0,0,0,11,11,2,2,1,2,0,0,1,3,2
2018-10-27,Taxonomic,,,,,Inoceramidae Systematic Collection,,0.25,,,0.15,0.05,,8,0,0,0,0,0,2,0,1,0,0,0,1,0,1,0,0,0,0,0
2018-10-27,Taxonomic,,,,,Inoceramidae Systematic Collection,,0.7,,0.12,0.5,0.15,0.08,33,0,0,0,0,0,11,0,12,0,0,0,0,1,0,0,0,8,5,6
2018-10-28,Taxonomic,,,,,Inoceramidae Systematic Collection,,0.45,,0.02,0.5,0.15,0.2,32,1,0,0,0,0,0,0,33,1,0,0,0,0,0,0,0,1,0,0
2018-04-16,Taxonomic,,,,Redding,Bear Creek,"Turonian, Coniacian, Santonian",0.33,,0.016,0.25,0.17,0.03,0,10,0,1,0,0,0,0,0,7,3,0,0,0,0,0,0,1,0,4
2018-04-16,Taxonomic,,,,Redding,Bellavista,"Turonian, Coniacian, Santonian",0.75,,0.2,1.0,0.17,0.2,0,34,0,8,5,0,1,1,0,30,1,1,0,0,0,0,0,10,0,12
2018-04-16,Taxonomic,,,,Redding,Frazier Siltstone,"Turonian, Coniacian, Santonian",1.0,,0.03,0.52,0.25,0.08,0,22,0,3,0,0,3,0,0,19,3,0,0,0,0,0,0,7,0,4
2017-12-19,Taxonomic,,,,,,,,,,,0.6,0.4,,,,,,,,,,,,,,,,,,,,
2018-04-18,Taxonomic,,,,,,,0.33,,0.08,0.24,0.16,0.08,0,14,0,1,0,0,1,0,0,10,1,2,0,1,0,0,0,3,1,0
2018-04-20,Taxonomic,,,,,,,0.75,,0.16,0.4,0.16,0.08,33,0,0,9,0,0,3,0,8,0,1,1,0,0,0,0,0,11,0,7
2018-07-14,Taxonomic,,,,,,,0.5,,0.17,,0.17,0.05,2,18,0,0,0,0,1,0,0,14,2,1,1,0,1,0,0,9,2,3
2017-09-26,unknown,01,3 of 4,10711,Chatsworth,,Campanian,0.75,0.16,0.08,1.24,0.6,0.25,13,1,0,0,1,0,0,0,3,1,0,0,0,0,0,0,0,3,1,7
2018-05-19,unknown,,,,,,,,,,0.5,0.4,0.4,2,26,0,0,0,0,0,0,0,21,4,2,1,0,0,0,0,9,6,1
2018-05-19,unknown,,,,,,,1.0,,,0.7,0.25,,0,24,0,0,0,0,0,0,4,13,2,1,1,0,2,0,0,9,2,0
2018-08-01,unknown,,,,,,,0.75,,0.1,1.0,0.09,0.08,2,26,0,0,0,0,0,0,0,22,2,0,1,0,0,0,0,7,5,7
